UserID,SegmentID,Start,End,# Interactions,# Documents Opened,Opened Documents,OpenDuration,# Documents Read,Read Documents,ReadDuration,# Documents Dragged,Dragged Documents,DraggingDuration,Most Read Document,# Highlighted,Highlighted Words,HighlightingDuration,# Searched,Searched Words,SearchDuration
1,1,0,112.7,4,0,[],0,0,[],0,2,['Armsdealing 97' 'Armsdealing 98'],1.9,NA,0,[],0,2,"['disease', 'Nigeria']",2
1,2,112.7,438.9,26,8,['Armsdealing 79' 'Armsdealing 81' 'Armsdealing 97'],426,9,['Armsdealing 79' 'Armsdealing 81'],273.8,7,['Armsdealing 79' 'Armsdealing 81' 'Armsdealing 97'],5.5,Armsdealing 81,1,['FUNSHO KAPOLALUM'],1,1,['gun'],1
1,3,438.9,586.1,18,1,['Armsdealing 98'],42.6,8,['Armsdealing 97' 'Armsdealing 98'],111.9,4,['Armsdealing 79' 'Armsdealing 81' 'Armsdealing 97' 'Armsdealing 98'],2.8,Armsdealing 97,2,"['Kenya', 'Also recovered were 150 guns']",2,3,"['nigeria', 'gun']",3
1,4,586.1,590.8,1,0,[],0,0,[],0,0,[],0,NA,0,[],0,1,['kenya'],1
1,5,590.8,636.6,6,1,['Armsdealing 100'],35.7,1,['Armsdealing 100'],3.2,1,['Armsdealing 98'],1,Armsdealing 100,0,[],0,3,"['gun', 'nigeria', 'nigeria gun']",3
1,6,636.6,655.5,6,1,['Armsdealing 84'],23.3,1,['Armsdealing 100'],1.5,2,['Armsdealing 100' 'Armsdealing 84'],1.5,Armsdealing 100,0,[],0,2,"['nigeria + gun', 'nigeria']",2
1,7,655.5,663.7,3,0,[],0,1,['Armsdealing 84'],0.5,0,[],0,Armsdealing 84,0,[],0,2,"['gun', 'nigeria']",2
1,8,663.7,673.4,1,0,[],0,0,[],0,0,[],0,NA,0,[],0,1,['gun'],1
1,9,673.4,680.7,3,1,['Armsdealing 65'],240.3,0,[],0,2,['Armsdealing 65'],1.8,NA,0,[],0,0,[],0
1,10,680.7,851.6,11,1,['Armsdealing 97'],5.3,6,['Armsdealing 65'],146.2,0,[],0,Armsdealing 65,1,"['February 1, 2009']",1,3,"['nigeria', 'gun']",3
1,11,851.6,964.8,8,3,['Armsdealing 79' 'Armsdealing 91' 'Armsdealing 97'],74.3,0,[],0,4,['Armsdealing 65'],3.4,NA,0,[],0,1,['gun'],1
1,12,964.8,972.2,4,1,['Armsdealing 72'],13.2,2,['Armsdealing 91'],1.2,1,['Armsdealing 72'],1.6,Armsdealing 91,0,[],0,0,[],0
1,13,972.2,1270.9,30,7,['Armsdealing 65' 'Armsdealing 72' 'Armsdealing 79' 'Armsdealing 95'],404.4,7,['Armsdealing 72' 'Armsdealing 95'],71.8,6,['Armsdealing 72' 'Armsdealing 95'],9.3,Armsdealing 72,0,[],0,10,"['nigeria', 'gun', 'disease', 'spread', 'epidimic', 'sickness', 'Dr. George']",10
1,14,1270.9,1274.2,2,1,['Armsdealing 84'],199.4,1,['Armsdealing 95'],0.5,0,[],0,Armsdealing 95,0,[],0,0,[],0
1,15,1274.2,1358.6,12,1,['Armsdealing 79'],9.7,10,['Armsdealing 84' 'Armsdealing 95'],45.7,1,['Armsdealing 84'],0.9,Armsdealing 95,0,[],0,0,[],0
1,16,1358.6,1460.1,9,0,[],0,8,['Armsdealing 84' 'Armsdealing 95'],90.3,1,['Armsdealing 84'],2.6,Armsdealing 95,0,[],0,0,[],0
1,17,1460.1,1907.8,51,14,"['Armsdealing 100' 'Armsdealing 24' 'Armsdealing 65' 'Armsdealing 72'
 'Armsdealing 79' 'Armsdealing 81' 'Armsdealing 84' 'Armsdealing 85'
 'Armsdealing 95' 'Armsdealing 97']",3508.2,20,"['Armsdealing 100' 'Armsdealing 24' 'Armsdealing 72' 'Armsdealing 84'
 'Armsdealing 85' 'Armsdealing 95']",289.2,10,"['Armsdealing 24' 'Armsdealing 65' 'Armsdealing 72' 'Armsdealing 84'
 'Armsdealing 85']",14.6,Armsdealing 84,5,"['10 March 2009', '2 DECEMBER 2009', '11 February 2009', ' 7 DECEMBER 2008', '2 JANUARY 2009']",5,2,"['weapon', 'nigeria']",2
1,18,1907.8,1912.8,1,0,[],0,0,[],0,0,[],0,NA,0,[],0,1,['russia'],1
1,19,1912.8,1917.6,1,1,['Armsdealing 80'],33,0,[],0,0,[],0,NA,0,[],0,0,[],0
1,20,1917.6,2031.3,8,1,['Armsdealing 77'],34.5,2,['Armsdealing 77' 'Armsdealing 80'],11.4,3,['Armsdealing 77' 'Armsdealing 80'],3.5,Armsdealing 80,1,"['20 September, 2008.']",1,1,['sickness'],1
1,21,2031.3,2040.3,1,0,[],0,0,[],0,0,[],0,NA,0,[],0,1,['firearms'],1
1,22,2040.3,2110.7,12,4,['Armsdealing 71' 'Armsdealing 75' 'Armsdealing 76' 'Armsdealing 96'],43.1,0,[],0,7,['Armsdealing 71' 'Armsdealing 75' 'Armsdealing 76' 'Armsdealing 96'],6,NA,0,[],0,1,['weapon'],1
1,23,2110.7,2140.2,3,1,['Armsdealing 68'],58.9,0,[],0,1,['Armsdealing 68'],1,NA,0,[],0,1,['illegal'],1
1,24,2140.2,2217.7,3,0,[],0,1,['Armsdealing 68'],15.6,1,['Armsdealing 68'],1.7,Armsdealing 68,0,[],0,1,['iran'],1
1,25,2217.7,2229.8,2,1,['Armsdealing 64'],18.4,0,[],0,1,['Armsdealing 64'],0.7,NA,0,[],0,0,[],0
1,26,2229.8,2260.5,1,0,[],0,0,[],0,0,[],0,NA,0,[],0,1,['syria'],1
1,27,2260.5,2263.8,1,1,['Armsdealing 71'],9.8,0,[],0,0,[],0,NA,0,[],0,0,[],0
1,28,2263.8,2304.5,4,0,[],0,0,[],0,0,[],0,NA,0,[],0,4,"['lagos', 'nigeria', 'boyo', 'mikhail']",4
1,29,2304.5,2341.4,3,1,['Armsdealing 65'],8.8,0,[],0,0,[],0,NA,0,[],0,2,"['dombrovski\\', 'dombrovski']",2
1,30,2341.4,2485.1,15,4,['Armsdealing 55' 'Armsdealing 65' 'Armsdealing 69'],232.5,1,['Armsdealing 69'],32.1,3,['Armsdealing 55' 'Armsdealing 69'],3.6,Armsdealing 69,0,[],0,7,"['minsky', 'misky', 'minskt', 'lenoid', 'leonid', 'may 2009']",7
1,31,2485.1,2651.9,11,2,['Armsdealing 56' 'Armsdealing 70'],52.9,2,['Armsdealing 55'],96.4,5,['Armsdealing 56' 'Armsdealing 70'],4.3,Armsdealing 55,1,['/Dubai/Burj-Al-Arab'],1,1,['dubai'],1
1,32,2651.9,2661.3,2,1,['Armsdealing 52'],54.7,0,[],0,1,['Armsdealing 52'],0.9,NA,0,[],0,0,[],0
1,33,2661.3,2819.3,17,3,['Armsdealing 25' 'Armsdealing 55'],259.7,5,['Armsdealing 25' 'Armsdealing 52'],125.4,6,['Armsdealing 25' 'Armsdealing 52'],5,Armsdealing 25,2,"['Dubai', 'Dubai.']",2,1,['textbook'],1
1,34,2819.3,3107.2,30,5,['Armsdealing 10' 'Armsdealing 17' 'Armsdealing 55'],221.6,11,['Armsdealing 10' 'Armsdealing 17' 'Armsdealing 25'],153.3,10,"['Armsdealing 10' 'Armsdealing 17' 'Armsdealing 25' 'Armsdealing 52'
 'Armsdealing 55']",17.3,Armsdealing 10,3,"['textbook', 'textbook', 'textbooks']",3,1,['textbook'],1
1,35,3107.2,3344.7,29,7,"['Armsdealing 12' 'Armsdealing 2' 'Armsdealing 36' 'Armsdealing 43'
 'Armsdealing 49' 'Armsdealing 55']",180.3,8,['Armsdealing 12' 'Armsdealing 2' 'Armsdealing 49'],90.9,9,"['Armsdealing 12' 'Armsdealing 2' 'Armsdealing 36' 'Armsdealing 43'
 'Armsdealing 49']",10.7,Armsdealing 49,2,"['Transaction Identification Number:\nFrom: EBILAEAD 51 0568 8001 1575 1710 0\nTo:\tSA80 8000 0375 6080 2632 0160\nDate: 11-11-08 15:56:19\nAmount:\tSAR1325548.3458', 'Transaction Identification Number:\nFrom: EBILAEAD 51 0568 8001 1575 1710 0\nTo:\tABNAPKKACKH 4230-1840-001194396527\nDate: 02-11-08 11:29:16\nAmount:\tPAK1571649.15']",2,3,"['basra', 'bukhari', 'death']",3
1,36,3344.7,3777.5,56,13,"['Armsdealing 25' 'Armsdealing 28' 'Armsdealing 29' 'Armsdealing 4'
 'Armsdealing 56' 'Armsdealing 70' 'Armsdealing 75' 'Armsdealing 76'
 'Armsdealing 8']",1953.5,16,['Armsdealing 28' 'Armsdealing 29' 'Armsdealing 8'],215,22,"['Armsdealing 12' 'Armsdealing 28' 'Armsdealing 29' 'Armsdealing 4'
 'Armsdealing 56' 'Armsdealing 70' 'Armsdealing 75' 'Armsdealing 76'
 'Armsdealing 8']",29.8,Armsdealing 29,2,"['Burj ', 'Burj']",2,3,"['hospital', 'burj', 'kasem']",3
1,37,3777.5,3973,19,3,['Armsdealing 41' 'Armsdealing 45' 'Armsdealing 57'],143.9,8,"['Armsdealing 28' 'Armsdealing 4' 'Armsdealing 41' 'Armsdealing 45'
 'Armsdealing 57']",154.7,7,"['Armsdealing 28' 'Armsdealing 4' 'Armsdealing 41' 'Armsdealing 45'
 'Armsdealing 57']",13,Armsdealing 4,0,[],0,1,['khouri'],1
1,38,3973,4002.5,3,1,['Armsdealing 26'],51.8,0,[],0,1,['Armsdealing 26'],0.7,NA,0,[],0,1,['dubai'],1
1,39,4002.5,4244.4,26,6,"['Armsdealing 11' 'Armsdealing 15' 'Armsdealing 26' 'Armsdealing 30'
 'Armsdealing 70']",751.8,10,['Armsdealing 26' 'Armsdealing 30' 'Armsdealing 70'],101.2,8,['Armsdealing 11' 'Armsdealing 15' 'Armsdealing 26' 'Armsdealing 30'],10.3,Armsdealing 30,1,['Dubai '],1,1,['nahid'],1
1,40,4244.4,4347.6,16,2,['Armsdealing 53' 'Armsdealing 74'],10.7,7,['Armsdealing 100' 'Armsdealing 30' 'Armsdealing 70' 'Armsdealing 74'],41.9,5,['Armsdealing 100' 'Armsdealing 53' 'Armsdealing 74'],10.1,Armsdealing 30,0,[],0,2,"['george', 'funsho']",2
1,41,4347.6,4378.8,3,0,[],0,0,[],0,0,[],0,NA,0,[],0,3,"['kapolalum', 'niger', 'sickness']",3
1,42,4378.8,4700.5,38,13,"['Armsdealing 10' 'Armsdealing 17' 'Armsdealing 25' 'Armsdealing 26'
 'Armsdealing 52' 'Armsdealing 55' 'Armsdealing 72' 'Armsdealing 84'
 'Armsdealing 95']",186.5,6,['Armsdealing 100'],3,19,"['Armsdealing 100' 'Armsdealing 17' 'Armsdealing 26' 'Armsdealing 30'
 'Armsdealing 52' 'Armsdealing 56' 'Armsdealing 70' 'Armsdealing 84'
 'Armsdealing 95' 'Armsdealing 98']",29.8,Armsdealing 100,0,[],0,0,[],0
1,43,4700.5,4702.7,1,1,['Armsdealing 10'],3.5,0,[],0,0,[],0,NA,0,[],0,0,[],0
1,44,4702.7,4745.3,7,1,['Armsdealing 25'],2.5,0,[],0,4,['Armsdealing 11' 'Armsdealing 25' 'Armsdealing 70'],9.1,NA,0,[],0,2,"['burj', 'tabriz']",2
1,45,4745.3,4759.5,4,1,['Armsdealing 29'],4,0,[],0,3,['Armsdealing 100' 'Armsdealing 24' 'Armsdealing 25'],2.4,NA,0,[],0,0,[],0
1,46,4759.5,4865.7,14,7,['Armsdealing 11' 'Armsdealing 22' 'Armsdealing 29' 'Armsdealing 8'],18.8,0,[],0,5,"['Armsdealing 22' 'Armsdealing 29' 'Armsdealing 8' 'Armsdealing 80'
 'Armsdealing 98']",8,NA,0,[],0,2,"['burj', 'syria']",2
1,47,4865.7,4888.8,2,0,[],0,0,[],0,1,['Armsdealing 22'],2.5,NA,0,[],0,1,['lebanon'],1
1,48,4888.8,5059.4,17,9,"['Armsdealing 20' 'Armsdealing 28' 'Armsdealing 29' 'Armsdealing 63'
 'Armsdealing 73' 'Armsdealing 9' 'Armsdealing 96']",105.9,2,['Armsdealing 63'],36.1,2,['Armsdealing 20' 'Armsdealing 63'],1.8,Armsdealing 63,0,[],0,4,"['saudi arabia\\', 'saudi arabia', 'ahmed', 'venezuela']",4
2,1,0,326.9,19,2,['Armsdealing 68' 'Armsdealing 72'],394.2,2,['Armsdealing 68'],53.3,12,"['Armsdealing 101' 'Armsdealing 102' 'Armsdealing 24' 'Armsdealing 26'
 'Armsdealing 68' 'Armsdealing 69' 'Armsdealing 72']",33.3,Armsdealing 68,1,['Nigeria in February of 2009'],1,2,"['arms', 'Nigeria']",2
2,2,326.9,467.1,43,2,['Armsdealing 65' 'Armsdealing 69'],1459.5,35,['Armsdealing 65' 'Armsdealing 72'],88.2,5,['Armsdealing 65' 'Armsdealing 69' 'Armsdealing 72'],4.7,Armsdealing 72,0,[],0,1,['Minsky'],1
2,3,467.1,717.2,43,3,['Armsdealing 4' 'Armsdealing 6' 'Armsdealing 79'],16.6,34,['Armsdealing 65' 'Armsdealing 69' 'Armsdealing 72'],107,2,['Armsdealing 69' 'Armsdealing 72'],2.7,Armsdealing 69,3,"[' Leonid Minsky', 'gun shipments to Yemen', 'Nigeria']",3,1,['Nigeria'],1
2,4,717.2,734.4,1,1,['Armsdealing 84'],114.2,0,[],0,0,[],0,NA,0,[],0,0,[],0
2,5,734.4,1542.5,59,4,['Armsdealing 81' 'Armsdealing 85'],480.9,37,['Armsdealing 69' 'Armsdealing 81' 'Armsdealing 84' 'Armsdealing 85'],339.7,16,['Armsdealing 72' 'Armsdealing 81' 'Armsdealing 85'],35,Armsdealing 81,2,"[' THE ENTIRE FUNDS TRANSFER WOULD STILL BE IN ITS FETUS STAGE.', 'TO DO THIS IT BECOMES ABSOLUTELY NECESSARY FOR US TO OFFICIALISE THE FUNDS TRANSFER PROCESS MAKING IT TAKE THE SEMBLANCE OF AN ACTUAL CONTRACT PAYMENT.']",2,0,[],0
2,6,1542.5,1809.4,27,4,['Armsdealing 11' 'Armsdealing 34' 'Armsdealing 56' 'Armsdealing 60'],48,11,['Armsdealing 11' 'Armsdealing 56' 'Armsdealing 69'],16.1,10,"['Armsdealing 27' 'Armsdealing 28' 'Armsdealing 29' 'Armsdealing 30'
 'Armsdealing 4' 'Armsdealing 5' 'Armsdealing 6' 'Armsdealing 69'
 'Armsdealing 72']",21.6,Armsdealing 69,0,[],0,2,"['2009', 'Iran']",2
2,7,1809.4,2146.9,61,8,"['Armsdealing 101' 'Armsdealing 102' 'Armsdealing 22' 'Armsdealing 30'
 'Armsdealing 64' 'Armsdealing 68' 'Armsdealing 71']",1086.6,11,['Armsdealing 102' 'Armsdealing 30' 'Armsdealing 71'],67.5,39,"['Armsdealing 101' 'Armsdealing 102' 'Armsdealing 22' 'Armsdealing 25'
 'Armsdealing 28' 'Armsdealing 29' 'Armsdealing 30' 'Armsdealing 51'
 'Armsdealing 52' 'Armsdealing 53' 'Armsdealing 54' 'Armsdealing 56'
 'Armsdealing 65' 'Armsdealing 68' 'Armsdealing 69' 'Armsdealing 70'
 'Armsdealing 71' 'Armsdealing 72' 'Armsdealing 77' 'Armsdealing 81'
 'Armsdealing 84' 'Armsdealing 87' 'Armsdealing 88' 'Armsdealing 89'
 'Armsdealing 90']",62.3,Armsdealing 71,0,[],0,3,"['2009', 'Kenya', 'Syria']",3
2,8,2146.9,2198.2,8,1,['Armsdealing 17'],13.3,2,['Armsdealing 30'],1.6,4,['Armsdealing 17' 'Armsdealing 22'],5.1,Armsdealing 30,0,[],0,1,['Lebanon'],1
2,9,2198.2,2225.2,2,1,['Armsdealing 28'],17.4,0,[],0,1,['Armsdealing 28'],0.8,NA,0,[],0,0,[],0
2,10,2225.2,2569.1,45,4,['Armsdealing 28' 'Armsdealing 56' 'Armsdealing 68' 'Armsdealing 70'],674.2,34,['Armsdealing 28' 'Armsdealing 30' 'Armsdealing 68' 'Armsdealing 71'],54.6,7,"['Armsdealing 102' 'Armsdealing 28' 'Armsdealing 30' 'Armsdealing 56'
 'Armsdealing 71']",7.4,Armsdealing 30,0,[],0,0,[],0
2,11,2569.1,2852.7,21,5,['Armsdealing 52' 'Armsdealing 53' 'Armsdealing 54'],121.5,12,['Armsdealing 30' 'Armsdealing 52' 'Armsdealing 54' 'Armsdealing 70'],83.5,1,['Armsdealing 52'],1,Armsdealing 70,0,[],0,3,"['May 2009', 'Pakistan', 'Saudi Arabia,']",3
2,12,2852.7,2891.9,3,1,['Armsdealing 96'],11.4,1,['Armsdealing 70'],1,0,[],0,Armsdealing 70,0,[],0,1,['Saudi Arabia'],1
2,13,2891.9,2907,3,1,['Armsdealing 63'],77.9,0,[],0,2,['Armsdealing 96'],4.3,NA,0,[],0,0,[],0
2,14,2907,2995.4,4,1,['Armsdealing 6'],21.9,2,['Armsdealing 63'],48.9,0,[],0,Armsdealing 63,0,[],0,1,['Venezuela'],1
2,15,2995.4,3093.4,9,4,['Armsdealing 5' 'Armsdealing 88' 'Armsdealing 89' 'Armsdealing 90'],689.5,5,['Armsdealing 5'],9.7,0,[],0,Armsdealing 5,0,[],0,0,[],0
2,16,3093.4,3273.5,20,11,"['Armsdealing 25' 'Armsdealing 29' 'Armsdealing 51' 'Armsdealing 53'
 'Armsdealing 54' 'Armsdealing 87' 'Armsdealing 88' 'Armsdealing 89'
 'Armsdealing 90']",197.9,7,['Armsdealing 25' 'Armsdealing 54'],23.9,1,['Armsdealing 25'],1,Armsdealing 25,0,[],0,1,['Burj'],1
2,17,3273.5,3462.4,19,7,"['Armsdealing 56' 'Armsdealing 77' 'Armsdealing 8' 'Armsdealing 91'
 'Armsdealing 92' 'Armsdealing 93' 'Armsdealing 94']",172.2,9,['Armsdealing 29' 'Armsdealing 5' 'Armsdealing 8'],41.7,2,['Armsdealing 29' 'Armsdealing 93'],7.4,Armsdealing 29,0,[],0,1,['salah ahmed'],1
2,18,3462.4,3489.3,3,1,['Armsdealing 29'],24.5,0,[],0,0,[],0,NA,0,[],0,2,"[' ahmed', 'ahmed']",2
2,19,3489.3,4239.7,59,18,"['Armsdealing 10' 'Armsdealing 25' 'Armsdealing 26' 'Armsdealing 29'
 'Armsdealing 38' 'Armsdealing 39' 'Armsdealing 40' 'Armsdealing 41'
 'Armsdealing 42' 'Armsdealing 58' 'Armsdealing 59' 'Armsdealing 76'
 'Armsdealing 79' 'Armsdealing 83' 'Armsdealing 88' 'Armsdealing 92']",331.9,20,"['Armsdealing 25' 'Armsdealing 26' 'Armsdealing 41' 'Armsdealing 42'
 'Armsdealing 5' 'Armsdealing 59']",46.7,14,"['Armsdealing 10' 'Armsdealing 17' 'Armsdealing 25' 'Armsdealing 26'
 'Armsdealing 3' 'Armsdealing 58' 'Armsdealing 60' 'Armsdealing 61'
 'Armsdealing 72' 'Armsdealing 82']",24.9,Armsdealing 25,1,['April 19th reunion in Dubai\n'],1,6,"['nicolai', 'nikolai', 'the week of', 'baltasar', 'sick']",6
2,20,4239.7,4594.8,36,7,"['Armsdealing 62' 'Armsdealing 70' 'Armsdealing 81' 'Armsdealing 90'
 'Armsdealing 95']",227.1,10,['Armsdealing 81' 'Armsdealing 95'],79.1,16,"['Armsdealing 17' 'Armsdealing 25' 'Armsdealing 59' 'Armsdealing 62'
 'Armsdealing 63' 'Armsdealing 64' 'Armsdealing 86' 'Armsdealing 95']",31.9,Armsdealing 95,1,[' I know with your committment to our mutual business goals you will be able to persevere through sickness for our successful meeting.'],1,2,"['infection', 'columbia']",2
2,21,4594.8,4649.3,2,2,['Armsdealing 87' 'Armsdealing 93'],11.7,0,[],0,0,[],0,NA,0,[],0,0,[],0
2,22,4649.3,4693.2,1,1,['Armsdealing 6'],3.2,0,[],0,0,[],0,NA,0,[],0,0,[],0
2,23,4693.2,4753.6,2,2,['Armsdealing 2' 'Armsdealing 3'],53.4,0,[],0,0,[],0,NA,0,[],0,0,[],0
3,1,0,44.1,6,2,['Armsdealing 25' 'Armsdealing 88'],689.4,2,['Armsdealing 88'],6.9,1,['Armsdealing 88'],1.6,Armsdealing 88,0,[],0,1,['2009'],1
3,2,44.1,150.2,8,1,['Armsdealing 10'],284,4,['Armsdealing 25'],100.8,2,['Armsdealing 25'],58.6,Armsdealing 25,0,[],0,1,['Baltasar'],1
3,3,150.2,282.7,29,0,[],0,24,['Armsdealing 10' 'Armsdealing 25' 'Armsdealing 88'],88.1,4,['Armsdealing 10' 'Armsdealing 25'],9,Armsdealing 25,0,[],0,1,['Adad'],1
3,4,282.7,323.2,11,1,['Armsdealing 17'],127.5,7,['Armsdealing 10' 'Armsdealing 25'],29.9,1,['Armsdealing 17'],1.2,Armsdealing 25,0,[],0,2,"['Ashur.', 'textbooks']",2
3,5,323.2,374.4,17,1,['Armsdealing 22'],64.4,14,['Armsdealing 10' 'Armsdealing 17' 'Armsdealing 25' 'Armsdealing 88'],42.8,1,['Armsdealing 22'],1.8,Armsdealing 17,0,[],0,1,['Professor'],1
3,6,374.4,548.9,31,2,['Armsdealing 27' 'Armsdealing 63'],719.2,19,"['Armsdealing 10' 'Armsdealing 17' 'Armsdealing 22' 'Armsdealing 25'
 'Armsdealing 27']",58.6,9,"['Armsdealing 100' 'Armsdealing 101' 'Armsdealing 102' 'Armsdealing 17'
 'Armsdealing 22' 'Armsdealing 97' 'Armsdealing 98' 'Armsdealing 99']",13.8,Armsdealing 22,0,[],0,1,['Saleh Ahmed'],1
3,7,548.9,910,41,2,['Armsdealing 3' 'Armsdealing 96'],353,26,['Armsdealing 27' 'Armsdealing 63' 'Armsdealing 96'],243.8,6,['Armsdealing 27' 'Armsdealing 63' 'Armsdealing 96'],8.8,Armsdealing 63,6,"['Saleh Ahmed', 'Saleh Ahmed', ' Government officials blame the notorious gun dealer Saleh Ahmed, for supplying the rebels, as well as operating gun exports to neighboring country of Saudi Arabia. Ahmed was part of an arms deal gone bad several weeks ago in Saudi, and may be looking to increase his business dealings in his home country.', 'Government officials blame the notorious gun dealer Saleh Ahmed, for supplying the rebels, as well as operating gun exports to neighboring country of Saudi Arabia. Ahmed was part of an arms deal gone bad several weeks ago in Saudi, and may be looking to increase his business dealings in his home country.', 'Mohammed Mohammed', 'Saleh Ahmed. ']",6,1,['Mohammed Mohammed'],1
3,8,910,951,5,1,['Armsdealing 33'],29,2,['Armsdealing 3'],37.9,1,['Armsdealing 3'],1,Armsdealing 3,0,[],0,1,['Arkadi Borodinski'],1
3,9,951,984.8,2,0,[],0,1,['Armsdealing 3'],3.5,0,[],0,Armsdealing 3,0,[],0,1,['Boonmee Khemkhaeng'],1
3,10,984.8,1017.1,6,2,['Armsdealing 24' 'Armsdealing 26'],582.9,3,['Armsdealing 26' 'Armsdealing 3'],27.9,0,[],0,Armsdealing 26,0,[],0,1,['Dubai'],1
3,11,1017.1,1157.3,20,1,['Armsdealing 65'],260,15,['Armsdealing 24' 'Armsdealing 26' 'Armsdealing 3'],125,2,['Armsdealing 24'],3.2,Armsdealing 24,0,[],0,2,"['Paris', 'Nigeria']",2
3,12,1157.3,1239.5,9,1,['Armsdealing 69'],191.2,5,['Armsdealing 65'],11.8,2,['Armsdealing 65'],1.8,Armsdealing 65,0,[],0,1,['Minsky'],1
3,13,1239.5,1268.6,4,1,['Armsdealing 72'],147,2,['Armsdealing 69'],1.6,1,['Armsdealing 69'],3.4,Armsdealing 69,0,[],0,0,[],0
3,14,1268.6,1346.6,9,0,[],0,7,['Armsdealing 65' 'Armsdealing 69' 'Armsdealing 72'],67.3,1,['Armsdealing 72'],1.6,Armsdealing 72,1,"['n Russian, Ukrainian, French, German, Dutch, English and Italian']",1,0,[],0
3,15,1346.6,1407.6,1,0,[],0,1,['Armsdealing 65'],0.9,0,[],0,Armsdealing 65,0,[],0,0,[],0
3,16,1407.6,1426.6,11,0,[],0,9,['Armsdealing 65' 'Armsdealing 69' 'Armsdealing 72'],6.8,2,['Armsdealing 65' 'Armsdealing 72'],3.7,Armsdealing 69,0,[],0,0,[],0
3,17,1426.6,1466.9,7,1,['Armsdealing 26'],1.4,4,['Armsdealing 24' 'Armsdealing 69'],2.7,2,['Armsdealing 24' 'Armsdealing 69'],2.8,Armsdealing 69,0,[],0,0,[],0
3,18,1466.9,1483.1,9,2,['Armsdealing 26' 'Armsdealing 51'],204.9,4,['Armsdealing 26'],7,2,['Armsdealing 26'],2.5,Armsdealing 26,0,[],0,1,['JANUARY 2009'],1
3,19,1483.1,1499.4,3,1,['Armsdealing 52'],187,1,['Armsdealing 51'],14.7,1,['Armsdealing 51'],1.8,Armsdealing 51,0,[],0,0,[],0
3,20,1499.4,1553.7,5,1,['Armsdealing 102'],136,2,['Armsdealing 52'],52.1,1,['Armsdealing 52'],3,Armsdealing 52,0,[],0,1,['18 April 2009'],1
3,21,1553.7,2076.4,78,15,"['Armsdealing 102' 'Armsdealing 27' 'Armsdealing 28' 'Armsdealing 29'
 'Armsdealing 4' 'Armsdealing 41' 'Armsdealing 45' 'Armsdealing 63'
 'Armsdealing 65' 'Armsdealing 69' 'Armsdealing 72' 'Armsdealing 8'
 'Armsdealing 96']",1947.9,39,"['Armsdealing 102' 'Armsdealing 28' 'Armsdealing 29' 'Armsdealing 4'
 'Armsdealing 45' 'Armsdealing 52' 'Armsdealing 8']",334.8,22,"['Armsdealing 102' 'Armsdealing 26' 'Armsdealing 28' 'Armsdealing 29'
 'Armsdealing 3' 'Armsdealing 4' 'Armsdealing 45' 'Armsdealing 51'
 'Armsdealing 52' 'Armsdealing 69']",41.6,Armsdealing 28,0,[],0,2,"['Kasem', 'May']",2
3,22,2076.4,2083.7,3,1,['Armsdealing 24'],9.3,1,['Armsdealing 28'],1.5,1,['Armsdealing 28'],0.6,Armsdealing 28,0,[],0,0,[],0
3,23,2083.7,2194.5,27,9,"['Armsdealing 10' 'Armsdealing 101' 'Armsdealing 22' 'Armsdealing 24'
 'Armsdealing 25' 'Armsdealing 55' 'Armsdealing 56' 'Armsdealing 81']",192.1,12,"['Armsdealing 24' 'Armsdealing 28' 'Armsdealing 4' 'Armsdealing 45'
 'Armsdealing 8']",34.4,5,['Armsdealing 4' 'Armsdealing 45' 'Armsdealing 8'],4.4,Armsdealing 4,0,[],0,1,['Dubai'],1
3,24,2194.5,2209.9,4,1,['Armsdealing 29'],20.7,3,['Armsdealing 4' 'Armsdealing 8'],1.5,0,[],0,Armsdealing 8,0,[],0,0,[],0
3,25,2209.9,2418.9,55,2,['Armsdealing 26' 'Armsdealing 79'],444,24,['Armsdealing 24' 'Armsdealing 26' 'Armsdealing 4' 'Armsdealing 8'],27,27,"['Armsdealing 10' 'Armsdealing 17' 'Armsdealing 22' 'Armsdealing 24'
 'Armsdealing 25' 'Armsdealing 26' 'Armsdealing 28' 'Armsdealing 4'
 'Armsdealing 51' 'Armsdealing 55' 'Armsdealing 63' 'Armsdealing 65'
 'Armsdealing 69' 'Armsdealing 72' 'Armsdealing 8' 'Armsdealing 88'
 'Armsdealing 96']",34.4,Armsdealing 26,0,[],0,2,"['disease', 'Nigeria']",2
3,26,2418.9,2545.1,4,1,['Armsdealing 81'],252.8,2,['Armsdealing 79'],125.1,1,['Armsdealing 79'],1.1,Armsdealing 79,0,[],0,0,[],0
3,27,2545.1,2890.2,84,5,"['Armsdealing 24' 'Armsdealing 73' 'Armsdealing 84' 'Armsdealing 85'
 'Armsdealing 95']",1825,61,"['Armsdealing 79' 'Armsdealing 81' 'Armsdealing 84' 'Armsdealing 85'
 'Armsdealing 95']",258.9,11,"['Armsdealing 79' 'Armsdealing 81' 'Armsdealing 84' 'Armsdealing 85'
 'Armsdealing 95']",17.6,Armsdealing 81,0,[],0,7,"['FUNSHO KAPOLALUM', 'KAPOLALUM', 'FUNSHO', 'GEORGE', 'sickness', 'health issues', 'health']",7
3,28,2890.2,2946.7,8,0,[],0,5,['Armsdealing 73' 'Armsdealing 95'],50.2,2,['Armsdealing 73' 'Armsdealing 95'],3.7,Armsdealing 95,0,[],0,1,['Mikhail'],1
3,29,2946.7,2950.6,2,1,['Armsdealing 80'],2407.3,1,['Armsdealing 95'],1.7,0,[],0,Armsdealing 95,0,[],0,0,[],0
3,30,2950.6,3017.1,12,2,['Armsdealing 55' 'Armsdealing 70'],485.5,7,['Armsdealing 55' 'Armsdealing 80' 'Armsdealing 95'],50.4,2,['Armsdealing 55' 'Armsdealing 80'],2.9,Armsdealing 95,0,[],0,1,['May 2009'],1
3,31,3017.1,3029.1,3,1,['Armsdealing 56'],19,1,['Armsdealing 70'],0.5,1,['Armsdealing 70'],1.5,Armsdealing 70,0,[],0,0,[],0
3,32,3029.1,3093.8,13,0,[],0,7,['Armsdealing 55' 'Armsdealing 56' 'Armsdealing 95'],32.2,5,['Armsdealing 56' 'Armsdealing 70' 'Armsdealing 88' 'Armsdealing 95'],10.1,Armsdealing 55,0,[],0,1,['March'],1
3,33,3093.8,3379.2,53,11,"['Armsdealing 101' 'Armsdealing 29' 'Armsdealing 44' 'Armsdealing 46'
 'Armsdealing 47' 'Armsdealing 48' 'Armsdealing 52' 'Armsdealing 53'
 'Armsdealing 71' 'Armsdealing 93' 'Armsdealing 94']",902.8,25,"['Armsdealing 101' 'Armsdealing 29' 'Armsdealing 46' 'Armsdealing 47'
 'Armsdealing 48' 'Armsdealing 52' 'Armsdealing 53' 'Armsdealing 55'
 'Armsdealing 71' 'Armsdealing 93' 'Armsdealing 94']",132.3,14,"['Armsdealing 101' 'Armsdealing 29' 'Armsdealing 46' 'Armsdealing 47'
 'Armsdealing 48' 'Armsdealing 52' 'Armsdealing 71' 'Armsdealing 88'
 'Armsdealing 93' 'Armsdealing 94']",71.7,Armsdealing 101,0,[],0,3,"['ransom', 'MV Tanya', 'jhon']",3
3,34,3379.2,3406.8,12,4,['Armsdealing 6' 'Armsdealing 82' 'Armsdealing 90' 'Armsdealing 91'],380.7,6,['Armsdealing 82' 'Armsdealing 90' 'Armsdealing 91' 'Armsdealing 93'],19.4,2,['Armsdealing 93'],1.6,Armsdealing 93,0,[],0,0,[],0
3,35,3406.8,3468.3,9,1,['Armsdealing 83'],19.5,5,['Armsdealing 6' 'Armsdealing 82'],58.7,2,['Armsdealing 6' 'Armsdealing 82'],2.4,Armsdealing 82,0,[],0,1,['jtomski'],1
3,36,3468.3,3531.8,12,1,['Armsdealing 68'],33.9,4,['Armsdealing 101' 'Armsdealing 46' 'Armsdealing 83' 'Armsdealing 91'],13.8,7,"['Armsdealing 44' 'Armsdealing 6' 'Armsdealing 68' 'Armsdealing 83'
 'Armsdealing 91' 'Armsdealing 93' 'Armsdealing 94']",6.7,Armsdealing 83,0,[],0,0,[],0
3,37,3531.8,3843.5,22,6,"['Armsdealing 100' 'Armsdealing 29' 'Armsdealing 45' 'Armsdealing 84'
 'Armsdealing 89' 'Armsdealing 98']",755.3,10,"['Armsdealing 68' 'Armsdealing 80' 'Armsdealing 84' 'Armsdealing 95'
 'Armsdealing 98']",141.4,6,"['Armsdealing 101' 'Armsdealing 29' 'Armsdealing 86' 'Armsdealing 89'
 'Armsdealing 98']",16.6,Armsdealing 98,0,[],0,0,[],0
3,38,3843.5,3854.2,1,1,['Armsdealing 53'],5.3,0,[],0,0,[],0,NA,0,[],0,0,[],0
3,39,3854.2,3918.5,8,3,['Armsdealing 30' 'Armsdealing 43' 'Armsdealing 53'],30.1,3,['Armsdealing 43' 'Armsdealing 95' 'Armsdealing 98'],9.1,1,['Armsdealing 43'],2,Armsdealing 43,0,[],0,1,['2009'],1
3,40,3918.5,3929,6,1,['Armsdealing 77'],23.9,4,['Armsdealing 95' 'Armsdealing 98'],4.6,1,['Armsdealing 98'],2,Armsdealing 95,0,[],0,0,[],0
3,41,3929,3954.7,2,1,['Armsdealing 52'],181.9,1,['Armsdealing 77'],22.1,0,[],0,Armsdealing 77,0,[],0,0,[],0
3,42,3954.7,3964.8,3,1,['Armsdealing 88'],2.2,1,['Armsdealing 52'],8.5,1,['Armsdealing 52'],0.9,Armsdealing 52,0,[],0,0,[],0
3,43,3964.8,3972,2,2,['Armsdealing 29' 'Armsdealing 53'],467.3,0,[],0,0,[],0,NA,0,[],0,0,[],0
3,44,3972,3989.1,5,1,['Armsdealing 58'],129.3,2,['Armsdealing 53'],14.8,1,['Armsdealing 53'],1.1,Armsdealing 53,0,[],0,1,['Rana'],1
3,45,3989.1,4126.6,13,0,[],0,8,['Armsdealing 53' 'Armsdealing 58'],131.5,3,['Armsdealing 53' 'Armsdealing 58'],6,Armsdealing 58,0,[],0,2,"['Kashfi', '2009']",2
3,46,4126.6,4163.3,6,1,['Armsdealing 30'],50.4,2,['Armsdealing 52' 'Armsdealing 53'],1.8,3,['Armsdealing 101' 'Armsdealing 53' 'Armsdealing 89'],3.4,Armsdealing 53,0,[],0,0,[],0
3,47,4163.3,4173.8,5,1,['Armsdealing 48'],41.8,2,['Armsdealing 30'],7.3,1,['Armsdealing 30'],0.6,Armsdealing 30,0,[],0,1,['Tanya'],1
3,48,4173.8,4176.3,3,1,['Armsdealing 47'],40.3,1,['Armsdealing 48'],0.5,1,['Armsdealing 48'],0.7,Armsdealing 48,0,[],0,0,[],0
3,49,4176.3,4464,59,15,"['Armsdealing 15' 'Armsdealing 16' 'Armsdealing 18' 'Armsdealing 19'
 'Armsdealing 20' 'Armsdealing 21' 'Armsdealing 23' 'Armsdealing 30'
 'Armsdealing 44' 'Armsdealing 47' 'Armsdealing 48' 'Armsdealing 86'
 'Armsdealing 92' 'Armsdealing 93']",4297.2,27,"['Armsdealing 15' 'Armsdealing 16' 'Armsdealing 18' 'Armsdealing 19'
 'Armsdealing 20' 'Armsdealing 21' 'Armsdealing 23' 'Armsdealing 44'
 'Armsdealing 47' 'Armsdealing 48' 'Armsdealing 80' 'Armsdealing 86'
 'Armsdealing 93']",122.3,16,"['Armsdealing 21' 'Armsdealing 23' 'Armsdealing 29' 'Armsdealing 44'
 'Armsdealing 45' 'Armsdealing 47' 'Armsdealing 53' 'Armsdealing 77'
 'Armsdealing 86' 'Armsdealing 93' 'Armsdealing 98']",37.2,Armsdealing 23,0,[],0,1,['Decembe'],1
3,50,4464,4616.9,42,7,"['Armsdealing 18' 'Armsdealing 20' 'Armsdealing 44' 'Armsdealing 51'
 'Armsdealing 83' 'Armsdealing 92' 'Armsdealing 93']",865.9,28,"['Armsdealing 15' 'Armsdealing 16' 'Armsdealing 18' 'Armsdealing 19'
 'Armsdealing 20' 'Armsdealing 21' 'Armsdealing 44' 'Armsdealing 51'
 'Armsdealing 83' 'Armsdealing 92' 'Armsdealing 93']",64.1,6,"['Armsdealing 15' 'Armsdealing 16' 'Armsdealing 18' 'Armsdealing 19'
 'Armsdealing 68' 'Armsdealing 92']",12.1,Armsdealing 16,0,[],0,1,['cargo ship'],1
3,51,4616.9,4637.4,6,1,['Armsdealing 71'],48.4,2,['Armsdealing 44'],8.1,1,['Armsdealing 44'],0.8,Armsdealing 44,0,[],0,2,"['<span class=""highlight-pink""> ship</span>,', 'ship']",2
3,52,4637.4,4657.9,3,1,['Armsdealing 18'],22.9,1,['Armsdealing 71'],0.5,1,['Armsdealing 71'],0.8,Armsdealing 71,0,[],0,0,[],0
3,53,4657.9,4691.9,5,2,['Armsdealing 101' 'Armsdealing 90'],7.4,2,['Armsdealing 18' 'Armsdealing 71'],6.2,1,['Armsdealing 18'],1,Armsdealing 18,0,[],0,0,[],0
3,54,4691.9,4761.2,4,4,['Armsdealing 44' 'Armsdealing 47'],332,0,[],0,0,[],0,NA,0,[],0,0,[],0
3,55,4761.2,5208.6,86,12,"['Armsdealing 11' 'Armsdealing 3' 'Armsdealing 45' 'Armsdealing 5'
 'Armsdealing 50' 'Armsdealing 54' 'Armsdealing 62' 'Armsdealing 7'
 'Armsdealing 74' 'Armsdealing 78' 'Armsdealing 88' 'Armsdealing 9']",822.6,57,"['Armsdealing 47' 'Armsdealing 5' 'Armsdealing 54' 'Armsdealing 62'
 'Armsdealing 7' 'Armsdealing 78' 'Armsdealing 88' 'Armsdealing 9'
 'Armsdealing 92']",260.5,16,"['Armsdealing 47' 'Armsdealing 48' 'Armsdealing 5' 'Armsdealing 54'
 'Armsdealing 7' 'Armsdealing 88' 'Armsdealing 9']",49.5,Armsdealing 5,0,[],0,1,"['Barcelona,']",1
3,56,5208.6,5250.3,18,3,['Armsdealing 52' 'Armsdealing 89' 'Armsdealing 94'],19.6,10,"['Armsdealing 23' 'Armsdealing 52' 'Armsdealing 88' 'Armsdealing 9'
 'Armsdealing 92']",14.2,5,['Armsdealing 47' 'Armsdealing 53' 'Armsdealing 89' 'Armsdealing 94'],3.6,Armsdealing 9,0,[],0,0,[],0
3,57,5250.3,5264.2,3,1,['Armsdealing 95'],93.7,1,['Armsdealing 92'],0.5,1,['Armsdealing 88'],0.6,Armsdealing 92,0,[],0,0,[],0
4,1,0,326.3,52,5,['Armsdealing 33' 'Armsdealing 66' 'Armsdealing 68' 'Armsdealing 96'],334,20,['Armsdealing 33' 'Armsdealing 66' 'Armsdealing 68'],154.8,17,['Armsdealing 33' 'Armsdealing 66' 'Armsdealing 68' 'Armsdealing 96'],22.1,Armsdealing 33,9,"[' Ilyushin IL-76', 'Ilyushin IL-76', ' Bangkok', 'Arkadi Borodinskii.', 'Narok', '""There was some deal-making between some officers', 'Wanjohi Onyango, Thabiti Otieno and wife Nahid Owiti', 'Kenyan', 'Minister Jimiyu Michieka']",9,1,['illegal arms '],1
4,2,326.3,490.9,18,0,[],0,8,['Armsdealing 96'],95.7,2,['Armsdealing 96'],1.8,Armsdealing 96,4,"['JEDDAH // Saudi Arabia', 'large shipment of weapons', ' Dafa valley', 'Mr. Haik Hosain ']",4,4,"['dafa valley', 'Haik Hosain', 'Hosain', 'Michieka']",4
4,3,490.9,716.2,19,2,['Armsdealing 65' 'Armsdealing 75'],261.9,8,['Armsdealing 75'],86.4,4,['Armsdealing 65' 'Armsdealing 75'],4.9,Armsdealing 75,2,"['Michieka', 'I am not privy to information about how the force keeps its records or secures the armoury']",2,3,"['pandemic', 'disease', 'nigeria']",3
4,4,716.2,1001.2,30,2,['Armsdealing 69' 'Armsdealing 72'],81.3,14,['Armsdealing 65' 'Armsdealing 72'],189.7,5,['Armsdealing 65' 'Armsdealing 69' 'Armsdealing 72'],7.9,Armsdealing 65,8,"['Leonid Minsky', 'Galleria Hotel in Soncino', 'Milan, Italy,', ' Room 341', 'Minsky was reportedly shot to death', '$500,000 worth of uncut diamonds', 'dealings in oil, timber and consumer goods; maps of the Kenya-Sudan border', 'police found evidence of several proposed and realized arms deals']",8,1,['minsky'],1
4,5,1001.2,1047,4,1,['Armsdealing 79'],1,0,[],0,2,['Armsdealing 69'],2.2,NA,0,[],0,1,['ill'],1
4,6,1047,1078.2,7,2,['Armsdealing 81' 'Armsdealing 95'],65.6,0,[],0,1,['Armsdealing 95'],1.1,NA,0,[],0,4,"['Ill ', ' Ill ', 'sick']",4
4,7,1078.2,1174.2,16,1,['Armsdealing 73'],59.6,6,['Armsdealing 95'],45.5,3,['Armsdealing 73' 'Armsdealing 95'],5.2,Armsdealing 95,5,"['meeting on 15 April', 'transaction', 'Dr. George', 'Mikhail Dombrovski', 'minor local health']",5,1,['health'],1
4,8,1174.2,1549.5,53,2,['Armsdealing 24' 'Armsdealing 84'],226.7,26,['Armsdealing 24' 'Armsdealing 73' 'Armsdealing 84'],236.3,10,['Armsdealing 24' 'Armsdealing 73' 'Armsdealing 84'],13.5,Armsdealing 84,14,"[' Lack of safe water, nutrition and hygiene is exerting a heavy toll on their health', 'Fighting in northern Yemen has moved into Saudi Arabi', 'DOMBROVSKI', 'DR. GEORGE NGOKI', 'FROM NIGERIA.', ' 067/BLKD/PTF/WR-PH/98', 'WR-PH STANDS FOR WATER RESOURCES AND PUBLIC HEALTH', 'WR-PH STANDS FOR WATER RESOURCES AND PUBLIC', 'CONTRACT AWARDED IN THE YEAR 1998.', '7(095)230-6169', '2347093189546', ' Mikhail Dombrovski', 'Nigeria', ' Dubai. May we agree to meet there? ']",14,1,['dubai mikhail'],1
4,9,1549.5,1637.8,8,5,['Armsdealing 29' 'Armsdealing 30' 'Armsdealing 55'],47.6,0,[],0,1,['Armsdealing 30'],10.3,NA,0,[],0,2,"['dubai george', 'dubai']",2
4,10,1637.8,1645.1,1,1,['Armsdealing 52'],10.4,0,[],0,0,[],0,NA,0,[],0,0,[],0
4,11,1645.1,1671.6,1,1,['Armsdealing 4'],39.9,0,[],0,0,[],0,NA,0,[],0,0,[],0
4,12,1671.6,1836.6,27,7,['Armsdealing 4' 'Armsdealing 55'],74.3,8,['Armsdealing 4'],31.4,8,['Armsdealing 4' 'Armsdealing 55'],10.7,Armsdealing 4,4,"['Dubai', ' Muhammad Kasem', 'Abdullah Khouri', 'provide supplies ']",4,0,[],0
4,13,1836.6,1856.8,5,1,['Armsdealing 15'],41,1,['Armsdealing 55'],12.1,3,['Armsdealing 15' 'Armsdealing 55'],4.4,Armsdealing 55,0,[],0,0,[],0
4,14,1856.8,2093,32,3,['Armsdealing 29' 'Armsdealing 52'],111.2,12,['Armsdealing 15' 'Armsdealing 29' 'Armsdealing 52'],108.3,8,"['Armsdealing 15' 'Armsdealing 29' 'Armsdealing 68' 'Armsdealing 75'
 'Armsdealing 96']",14.8,Armsdealing 29,8,"['seller in Dubai', 'farming equipment ', 'Dubai', 'Nicolai', ' identified as Saleh Ahmed', ' farming equipment', '“Brother Aden ', 'Sana’a']",8,1,['minsky dubai'],1
4,15,2093,2144.1,3,0,[],0,0,[],0,0,[],0,NA,0,[],0,3,"['dubai michieka', 'dubai kasem', 'water resources']",3
4,16,2144.1,2228.9,6,1,['Armsdealing 55'],21.7,0,[],0,1,['Armsdealing 55'],0.8,NA,0,[],0,4,"['public health', 'local health', 'bio', 'dubai']",4
4,17,2228.9,2240.7,4,0,[],0,2,['Armsdealing 55'],15.4,1,['Armsdealing 55'],0.8,Armsdealing 55,1,"['Maulana Haq Bukhari,']",1,0,[],0
4,18,2240.7,2246.5,1,0,[],0,0,[],0,0,[],0,NA,1,['Karachi faction of Lashkar-e-Jhangvi'],1,0,[],0
4,19,2246.5,2279.6,4,2,['Armsdealing 30' 'Armsdealing 55'],24.7,0,[],0,2,['Armsdealing 30' 'Armsdealing 55'],4.3,NA,0,[],0,0,[],0
4,20,2279.6,2547,64,22,['Armsdealing 11' 'Armsdealing 26' 'Armsdealing 30' 'Armsdealing 73'],3180.3,15,['Armsdealing 11' 'Armsdealing 26' 'Armsdealing 30'],88.6,14,"['Armsdealing 11' 'Armsdealing 26' 'Armsdealing 30' 'Armsdealing 52'
 'Armsdealing 69']",20.1,Armsdealing 30,13,"['Tanya’s jewels ', 'Nicolai expects you in Dubai on the 17th', 'Nicolai expects you in on the 17th', 'Nairobi, Kenya', 'Dubai', 'Nicolai ', ' Kiev to Tabriz', ' Iran', 'Dubai ', 'exhibition scheduled in Dubai for April 17', ' Boonmee Khemkhaengon', 'Borodinski', 'arms exhibition scheduled in Dubai for April 17, 2009.']",13,0,[],0
4,21,2547,2553.3,2,1,['Armsdealing 26'],2.4,0,[],0,0,[],0,NA,1,"['arms exhibition scheduled in Dubai for April 17, 2009.']",1,0,[],0
4,22,2553.3,2568.2,7,3,['Armsdealing 26' 'Armsdealing 30' 'Armsdealing 52'],1358.6,2,['Armsdealing 26' 'Armsdealing 30'],4,2,['Armsdealing 26' 'Armsdealing 52'],2.3,Armsdealing 26,0,[],0,0,[],0
4,23,2568.2,2909.9,65,4,['Armsdealing 49' 'Armsdealing 52' 'Armsdealing 84'],122.5,22,['Armsdealing 30' 'Armsdealing 49' 'Armsdealing 52' 'Armsdealing 73'],128.5,18,"['Armsdealing 15' 'Armsdealing 4' 'Armsdealing 49' 'Armsdealing 52'
 'Armsdealing 55' 'Armsdealing 75' 'Armsdealing 84']",28.2,Armsdealing 49,14,"['Dubai ', ' Basra', 'Akram Basra', 'Akram Basra', 'Karachi faction ', 'Lashkar-e-Jhangvi.', 'Maulana Haq Bukhari', 'Lashkar-e-Jhangvi', 'Akram Basra', 'BMW', 'Muhammad Balochi', 'Ullah ali Jinnah', ' “Mai”', 'Korongi Road Mosque']",14,7,"['karachi', ';ashkar', 'lashkar', 'muhammad', 'balochi', 'ullah ali jinnah', 'mai']",7
4,24,2909.9,2986.6,12,5,['Armsdealing 84'],31.5,2,['Armsdealing 30' 'Armsdealing 73'],1,0,[],0,Armsdealing 30,0,[],0,5,"['""mai""', 'mai ', 'Korongi mosque', 'Korongi']",5
4,25,2986.6,3175.7,43,8,['Armsdealing 39' 'Armsdealing 43' 'Armsdealing 49'],261.3,15,['Armsdealing 30' 'Armsdealing 39' 'Armsdealing 73'],76,11,"['Armsdealing 39' 'Armsdealing 43' 'Armsdealing 49' 'Armsdealing 55'
 'Armsdealing 68' 'Armsdealing 75']",18.5,Armsdealing 39,7,"['Korongi Road Mosque', 'Mudassar Nausherwani', ' three unknown men entered the same building', ' meeting with Bhutani and Ullah', 'Café Zouk', 'Khayaban-e-Shamsheer in downtown Karachi.', 'Café Zouk on Khayaban-e-Shamsheer in downtown Karachi.']",7,2,"['Café Zouk', 'Karachi']",2
4,26,3175.7,3411.6,48,4,['Armsdealing 55'],4.6,28,"['Armsdealing 30' 'Armsdealing 43' 'Armsdealing 49' 'Armsdealing 55'
 'Armsdealing 73']",127.3,6,['Armsdealing 43' 'Armsdealing 55' 'Armsdealing 72'],6.9,Armsdealing 43,6,"[' Lyari Town (a constituent town of Karachi)', 'Karachi faction of Lashkar-e-Jhangvi', 'LHR 6354', 'three occupants', 'http://www.jumeirah.com/en/Hotels-and-Resorts/Destinations//Burj-Al-Arab/', 'Kenya, Syria, Lebanon, Pakistan, Yemen, Saudi Arabia, Iran, Venezuela, and Columbia.']",6,4,"['dubai', 'burj=al', 'burj-al', '<span class=""highlight-pink"">Burj-Al</span>-Arab']",4
4,27,3411.6,3427.4,6,1,['Armsdealing 75'],13.5,5,['Armsdealing 30' 'Armsdealing 49'],2.9,0,[],0,Armsdealing 49,0,[],0,0,[],0
4,28,3427.4,3495,10,7,['Armsdealing 67' 'Armsdealing 68' 'Armsdealing 75'],148.3,0,[],0,1,['Armsdealing 67'],1.3,NA,1,[' Wanjohi Onyango'],1,1,['Wanjohi Onyango'],1
4,29,3495,3592.6,12,2,['Armsdealing 100' 'Armsdealing 48'],66.6,6,['Armsdealing 100' 'Armsdealing 30' 'Armsdealing 48'],59.9,3,['Armsdealing 100' 'Armsdealing 48' 'Armsdealing 67'],3.5,Armsdealing 100,1,['Michieka'],1,0,[],0
4,30,3592.6,3634,6,2,['Armsdealing 42' 'Armsdealing 74'],43.3,1,['Armsdealing 74'],15.4,1,['Armsdealing 74'],1.3,Armsdealing 74,0,[],0,2,"['Michieka', 'Otieno']",2
4,31,3634,3663.7,4,1,['Armsdealing 70'],44.2,0,[],0,3,['Armsdealing 42' 'Armsdealing 70'],2.4,NA,0,[],0,0,[],0
4,32,3663.7,3753.4,24,2,['Armsdealing 74' 'Armsdealing 75'],7.9,10,['Armsdealing 30' 'Armsdealing 49' 'Armsdealing 70' 'Armsdealing 73'],44.4,8,['Armsdealing 68' 'Armsdealing 70'],11.2,Armsdealing 70,3,"[' deaths of Thabiti Otieno and Nahid Owiti ', ' Ethan Kaniaru, Bud Wanjiku, Mildred Ng’endo, Jonathan Kariuki, the late Ethel Njeri, Tamara Muiruri (Washington, USA), Lois Nyambura and Edsel Ndungu (Nebraska, USA).', ' Nahid Owiti']",3,1,['Nahid Owiti'],1
4,33,3753.4,3771,4,0,[],0,2,['Armsdealing 49' 'Armsdealing 73'],1,1,['Armsdealing 74'],1.5,Armsdealing 73,0,[],0,1,['Wanjiku'],1
4,34,3771,3819.8,9,0,[],0,0,[],0,1,['Armsdealing 68'],2.1,NA,1,['Michieka'],1,7,"['Kaniaru', 'Ng’endo', 'Kariuki', 'Njeri', 'Muiruri', 'Nyambura', 'Ndungu']",7
4,35,3819.8,3874.1,16,3,['Armsdealing 30' 'Armsdealing 33' 'Armsdealing 75'],296.5,3,['Armsdealing 49' 'Armsdealing 73'],6.4,9,"['Armsdealing 30' 'Armsdealing 33' 'Armsdealing 68' 'Armsdealing 70'
 'Armsdealing 73' 'Armsdealing 75']",12.8,Armsdealing 73,0,[],0,1,['Michieka'],1
4,36,3874.1,3898.5,4,1,['Armsdealing 101'],160,2,['Armsdealing 30'],20,0,[],0,Armsdealing 30,0,[],0,1,['Tanya'],1
4,37,3898.5,4203.2,63,10,"['Armsdealing 101' 'Armsdealing 35' 'Armsdealing 44' 'Armsdealing 46'
 'Armsdealing 47' 'Armsdealing 48']",139.1,20,"['Armsdealing 101' 'Armsdealing 30' 'Armsdealing 44' 'Armsdealing 48'
 'Armsdealing 49' 'Armsdealing 73']",123.7,28,"['Armsdealing 101' 'Armsdealing 102' 'Armsdealing 11' 'Armsdealing 26'
 'Armsdealing 30' 'Armsdealing 44' 'Armsdealing 46' 'Armsdealing 47'
 'Armsdealing 48' 'Armsdealing 68' 'Armsdealing 73']",41.3,Armsdealing 73,3,"[' Kenyan port of Mombasa ', 'Kenyan port city of Mombasa', 'arms were destined for Sudan']",3,2,"['tanya', 'nicolai']",2
4,38,4203.2,4250.5,7,1,['Armsdealing 26'],7.3,2,['Armsdealing 35'],12.5,1,['Armsdealing 35'],10.6,Armsdealing 35,2,"['Nicolai Kuryakin ', ' Boonmee Khemkhaengare']",2,1,['boonmee'],1
4,39,4250.5,4274.1,5,1,['Armsdealing 3'],69.7,0,[],0,4,['Armsdealing 26' 'Armsdealing 3' 'Armsdealing 35'],3.7,NA,0,[],0,0,[],0
4,40,4274.1,4382.6,27,5,['Armsdealing 3' 'Armsdealing 33' 'Armsdealing 37' 'Armsdealing 40'],43.2,12,['Armsdealing 3' 'Armsdealing 49'],57.3,4,['Armsdealing 3' 'Armsdealing 35'],14.3,Armsdealing 3,5,"['Arkadi Borodinski', 'Boonmee Khemkhaeng', ' Khemkhaeng', 'Suramongkol Virote', 'Borodinski']",5,1,['Borodinski'],1
4,41,4382.6,4440,6,1,['Armsdealing 40'],22.8,1,['Armsdealing 49'],0.5,2,['Armsdealing 33'],7.1,Armsdealing 49,0,[],0,2,"['nikolai', 'nicolai']",2
4,42,4440,4467.3,6,1,['Armsdealing 18'],695.7,2,['Armsdealing 40'],8,1,['Armsdealing 40'],1.6,Armsdealing 40,2,"['Nicolai Kuryakin', ' Boonmee Khemkhaengare']",2,0,[],0
4,43,4467.3,4533.2,16,1,['Armsdealing 37'],37.1,7,['Armsdealing 18'],52.6,3,['Armsdealing 18'],6.2,Armsdealing 18,4,"['Boonmee Khemkhaengon', ' Lim Chanarong December ', 'Nicolai', ' Gunter']",4,1,['Lim Chanarong'],1
4,44,4533.2,4620.1,18,1,['Armsdealing 37'],6.3,9,['Armsdealing 18' 'Armsdealing 37' 'Armsdealing 73'],37.6,3,['Armsdealing 18' 'Armsdealing 37'],4.5,Armsdealing 73,2,"[' Lim Chanarong', ' Nonthaburi to Bangkok']",2,3,"['venuzuala', 'venuzuela', 'venezuela']",3
4,45,4620.1,4781.6,31,4,['Armsdealing 5' 'Armsdealing 6' 'Armsdealing 7' 'Armsdealing 9'],105.8,8,['Armsdealing 6' 'Armsdealing 9'],69.6,11,['Armsdealing 5' 'Armsdealing 6' 'Armsdealing 7' 'Armsdealing 9'],12.8,Armsdealing 9,7,"['Barcelona, Venezuela ', ' Green Man', 'Beto', 'bolivar', ' Pillo, Jhon', ' Medellín, Colombia ', 'Carabobo, Venezuela ']",7,1,['columbia'],1
4,46,4781.6,4828.7,8,2,['Armsdealing 51' 'Armsdealing 62'],387.1,3,['Armsdealing 62' 'Armsdealing 73'],13.8,1,['Armsdealing 62'],2.5,Armsdealing 62,1,['Yemen'],1,1,['yemen'],1
4,47,4828.7,4848.7,8,1,['Armsdealing 63'],152.2,5,['Armsdealing 51'],13.4,1,['Armsdealing 51'],1.1,Armsdealing 51,1,['100 carats of diamonds were shipped from Yemen to Moscow '],1,0,[],0
4,48,4848.7,5034.1,19,2,['Armsdealing 56' 'Armsdealing 76'],37.3,12,['Armsdealing 51' 'Armsdealing 63' 'Armsdealing 76'],139.3,3,['Armsdealing 63' 'Armsdealing 76'],3.3,Armsdealing 63,2,"[' Mohammed Mohammed', ' Suq al Talh in Sa’ada province']",2,0,[],0
4,49,5034.1,5055.4,3,1,['Armsdealing 56'],8.9,1,['Armsdealing 56'],2.3,0,[],0,Armsdealing 56,1,['Aden General Hospita'],1,0,[],0
4,50,5055.4,5070.4,3,1,['Armsdealing 27'],35.9,0,[],0,2,['Armsdealing 56' 'Armsdealing 9'],2.6,NA,0,[],0,0,[],0
4,51,5070.4,5172.7,28,0,[],0,16,['Armsdealing 18' 'Armsdealing 27' 'Armsdealing 49' 'Armsdealing 73'],33,7,"['Armsdealing 18' 'Armsdealing 27' 'Armsdealing 55' 'Armsdealing 65'
 'Armsdealing 72']",9,Armsdealing 73,3,"['Internet Café in Moscow', ' Yemen', 'Mikhail Dombrovski']",3,2,"['dombrovski', 'pakistan']",2
4,52,5172.7,5215.2,8,4,['Armsdealing 2' 'Armsdealing 31' 'Armsdealing 53' 'Armsdealing 54'],24.5,2,['Armsdealing 49' 'Armsdealing 54'],4.4,2,['Armsdealing 51' 'Armsdealing 55'],4,Armsdealing 49,0,[],0,0,[],0
4,53,5215.2,5226.2,1,1,['Armsdealing 36'],12.6,0,[],0,0,[],0,NA,0,[],0,0,[],0
4,54,5226.2,5316.3,14,4,['Armsdealing 38' 'Armsdealing 49' 'Armsdealing 52'],290.1,8,['Armsdealing 49' 'Armsdealing 73'],4.3,1,['Armsdealing 52'],2.2,Armsdealing 49,0,[],0,1,[' fdbfdgdf'],1
4,55,5316.3,5331.7,1,0,[],0,0,[],0,0,[],0,NA,1,"['Pakistan, Yemen, ']",1,0,[],0
4,56,5331.7,5345.1,3,0,[],0,1,['Armsdealing 73'],0.5,0,[],0,Armsdealing 73,2,"['Venezuela, and Columbia. ', ' Kenya,']",2,0,[],0
4,57,5345.1,5350.5,1,0,[],0,0,[],0,0,[],0,NA,0,[],0,1,['syria'],1
4,58,5350.5,5466.2,27,6,['Armsdealing 10' 'Armsdealing 17' 'Armsdealing 22' 'Armsdealing 71'],271.6,9,['Armsdealing 10' 'Armsdealing 17' 'Armsdealing 22'],39.4,8,['Armsdealing 10' 'Armsdealing 17' 'Armsdealing 22'],8.9,Armsdealing 17,2,"['Syria', 'Turkey']",2,2,"['Baltasar', 'Syria']",2
5,1,0,63.4,7,1,['Armsdealing 102'],45.8,3,['Armsdealing 102'],5,2,['Armsdealing 102'],2.7,Armsdealing 102,0,[],0,1,['illegal arms'],1
5,2,63.4,245,21,4,['Armsdealing 33' 'Armsdealing 66' 'Armsdealing 68' 'Armsdealing 96'],128.3,5,['Armsdealing 33' 'Armsdealing 66' 'Armsdealing 68' 'Armsdealing 96'],106.9,10,['Armsdealing 33' 'Armsdealing 66' 'Armsdealing 68' 'Armsdealing 96'],16,Armsdealing 68,0,[],0,2,"['disease', 'sick']",2
5,3,245,361.7,13,3,['Armsdealing 52' 'Armsdealing 80' 'Armsdealing 95'],73.2,2,['Armsdealing 80' 'Armsdealing 95'],47.8,7,['Armsdealing 52' 'Armsdealing 80' 'Armsdealing 95'],12.4,Armsdealing 95,0,[],0,1,['guns'],1
5,4,361.7,366.3,2,1,['Armsdealing 42'],24.2,0,[],0,1,['Armsdealing 42'],1.1,NA,0,[],0,0,[],0
5,5,366.3,383,2,1,['Armsdealing 102'],6.4,1,['Armsdealing 42'],15.3,0,[],0,Armsdealing 42,0,[],0,0,[],0
5,6,383,865.8,69,18,"['Armsdealing 100' 'Armsdealing 101' 'Armsdealing 24' 'Armsdealing 30'
 'Armsdealing 48' 'Armsdealing 5' 'Armsdealing 62' 'Armsdealing 65'
 'Armsdealing 67' 'Armsdealing 72' 'Armsdealing 74' 'Armsdealing 97'
 'Armsdealing 98']",382.7,19,"['Armsdealing 100' 'Armsdealing 30' 'Armsdealing 48' 'Armsdealing 5'
 'Armsdealing 65' 'Armsdealing 67' 'Armsdealing 72' 'Armsdealing 74'
 'Armsdealing 97' 'Armsdealing 98']",99.7,30,"['Armsdealing 100' 'Armsdealing 101' 'Armsdealing 24' 'Armsdealing 30'
 'Armsdealing 48' 'Armsdealing 5' 'Armsdealing 62' 'Armsdealing 65'
 'Armsdealing 67' 'Armsdealing 72' 'Armsdealing 74' 'Armsdealing 97'
 'Armsdealing 98']",55.1,Armsdealing 100,0,[],0,2,"['kenya', 'Nigeria']",2
5,7,865.8,1149,19,10,"['Armsdealing 102' 'Armsdealing 42' 'Armsdealing 71' 'Armsdealing 79'
 'Armsdealing 81' 'Armsdealing 84' 'Armsdealing 85' 'Armsdealing 95'
 'Armsdealing 96' 'Armsdealing 98']",176.1,4,['Armsdealing 102' 'Armsdealing 24' 'Armsdealing 95' 'Armsdealing 98'],24.7,4,['Armsdealing 102' 'Armsdealing 24' 'Armsdealing 95'],11.9,Armsdealing 24,0,[],0,1,['Syria'],1
5,8,1149,1176.5,4,1,['Armsdealing 22'],12.2,3,['Armsdealing 71'],24.7,0,[],0,Armsdealing 71,0,[],0,0,[],0
5,9,1176.5,1296.6,24,4,['Armsdealing 10' 'Armsdealing 17' 'Armsdealing 28'],70.8,12,['Armsdealing 10' 'Armsdealing 17' 'Armsdealing 22' 'Armsdealing 28'],44,6,['Armsdealing 10' 'Armsdealing 17' 'Armsdealing 22'],8.6,Armsdealing 17,0,[],0,2,"['Lebanon', 'Pakistan']",2
5,10,1296.6,1579.6,51,17,"['Armsdealing 12' 'Armsdealing 2' 'Armsdealing 31' 'Armsdealing 38'
 'Armsdealing 39' 'Armsdealing 43' 'Armsdealing 49' 'Armsdealing 52'
 'Armsdealing 53' 'Armsdealing 54' 'Armsdealing 55' 'Armsdealing 76'
 'Armsdealing 79']",253.4,21,"['Armsdealing 2' 'Armsdealing 31' 'Armsdealing 38' 'Armsdealing 43'
 'Armsdealing 49' 'Armsdealing 54' 'Armsdealing 79']",73.4,12,"['Armsdealing 31' 'Armsdealing 38' 'Armsdealing 43' 'Armsdealing 54'
 'Armsdealing 55' 'Armsdealing 79']",26.7,Armsdealing 31,0,[],0,1,['Yemen'],1
5,11,1579.6,1710,14,6,"['Armsdealing 27' 'Armsdealing 29' 'Armsdealing 51' 'Armsdealing 65'
 'Armsdealing 69' 'Armsdealing 73']",101.3,4,['Armsdealing 29' 'Armsdealing 69'],4.3,3,['Armsdealing 27' 'Armsdealing 28' 'Armsdealing 69'],9.5,Armsdealing 69,0,[],0,1,['Minsky'],1
5,12,1710,1753.4,11,0,[],0,1,['Armsdealing 69'],1.6,9,"['Armsdealing 31' 'Armsdealing 38' 'Armsdealing 65' 'Armsdealing 67'
 'Armsdealing 69' 'Armsdealing 74' 'Armsdealing 97' 'Armsdealing 98']",13.2,Armsdealing 69,0,[],0,1,['Saudi Arabia'],1
5,13,1753.4,1765.3,2,2,['Armsdealing 20' 'Armsdealing 73'],7.7,0,[],0,0,[],0,NA,0,[],0,0,[],0
5,14,1765.3,1771.8,1,0,[],0,0,[],0,0,[],0,NA,0,[],0,1,['Iran'],1
5,15,1771.8,1792.1,2,2,['Armsdealing 34' 'Armsdealing 60'],21.7,0,[],0,0,[],0,NA,0,[],0,0,[],0
5,16,1792.1,1799.1,1,1,['Armsdealing 1'],11,0,[],0,0,[],0,NA,0,[],0,0,[],0
5,17,1799.1,1926.6,16,7,"['Armsdealing 1' 'Armsdealing 11' 'Armsdealing 6' 'Armsdealing 60'
 'Armsdealing 7' 'Armsdealing 71' 'Armsdealing 9']",70,4,['Armsdealing 11' 'Armsdealing 60' 'Armsdealing 71'],52.6,2,['Armsdealing 11'],2.3,Armsdealing 71,0,[],0,3,"['Venezuela', 'Columbia', 'Kenya']",3
5,18,1926.6,1943.8,1,1,['Armsdealing 68'],7.2,0,[],0,0,[],0,NA,0,[],0,0,[],0
5,19,1943.8,1957.5,3,1,['Armsdealing 72'],3.6,2,['Armsdealing 68'],4.7,0,[],0,Armsdealing 68,0,[],0,0,[],0
5,20,1957.5,2081.1,18,6,['Armsdealing 65' 'Armsdealing 68' 'Armsdealing 70' 'Armsdealing 74'],46.3,6,['Armsdealing 68' 'Armsdealing 70' 'Armsdealing 72' 'Armsdealing 74'],8.8,4,['Armsdealing 68' 'Armsdealing 70'],5.1,Armsdealing 70,0,[],0,2,"['Otieno', 'disease']",2
5,21,2081.1,2085.9,1,0,[],0,0,[],0,0,[],0,NA,0,[],0,1,['sick'],1
5,22,2085.9,2430.4,40,16,"['Armsdealing 24' 'Armsdealing 27' 'Armsdealing 29' 'Armsdealing 53'
 'Armsdealing 55' 'Armsdealing 77' 'Armsdealing 80' 'Armsdealing 84'
 'Armsdealing 87' 'Armsdealing 90' 'Armsdealing 91' 'Armsdealing 92'
 'Armsdealing 94' 'Armsdealing 95']",271.6,10,"['Armsdealing 24' 'Armsdealing 53' 'Armsdealing 77' 'Armsdealing 84'
 'Armsdealing 95']",83.9,12,"['Armsdealing 24' 'Armsdealing 27' 'Armsdealing 53' 'Armsdealing 62'
 'Armsdealing 77' 'Armsdealing 84' 'Armsdealing 96']",20.1,Armsdealing 95,0,[],0,2,"['2009', 'Dombrovski']",2
5,23,2430.4,2500.1,4,2,['Armsdealing 51' 'Armsdealing 97'],29.8,2,['Armsdealing 97'],7.4,0,[],0,Armsdealing 97,0,[],0,0,[],0
5,24,2500.1,2598.5,11,5,"['Armsdealing 11' 'Armsdealing 29' 'Armsdealing 3' 'Armsdealing 4'
 'Armsdealing 96']",109.8,5,['Armsdealing 11' 'Armsdealing 4' 'Armsdealing 51' 'Armsdealing 96'],43.9,0,[],0,Armsdealing 11,0,[],0,1,['Ahmed'],1
5,25,2598.5,2730.6,6,2,['Armsdealing 56' 'Armsdealing 68'],29.5,1,['Armsdealing 68'],21.6,0,[],0,Armsdealing 68,0,[],0,3,"['infectious', 'pandemic', 'arms']",3
5,26,2730.6,2752.3,3,2,['Armsdealing 37' 'Armsdealing 40'],25.1,1,['Armsdealing 37'],10.4,0,[],0,Armsdealing 37,0,[],0,0,[],0
5,27,2752.3,2996.1,29,13,"['Armsdealing 102' 'Armsdealing 16' 'Armsdealing 20' 'Armsdealing 35'
 'Armsdealing 40' 'Armsdealing 51' 'Armsdealing 60' 'Armsdealing 64'
 'Armsdealing 69' 'Armsdealing 77' 'Armsdealing 83']",155.8,8,"['Armsdealing 102' 'Armsdealing 35' 'Armsdealing 40' 'Armsdealing 51'
 'Armsdealing 77']",34.5,6,['Armsdealing 35' 'Armsdealing 37' 'Armsdealing 40' 'Armsdealing 64'],10,Armsdealing 40,1,['arms dealers Nicolai Kuryakin and Boonmee Khemkhaengare'],1,1,['sudan'],1
5,28,2996.1,3002.5,1,1,['Armsdealing 101'],14.6,0,[],0,0,[],0,NA,0,[],0,0,[],0
5,29,3002.5,3081.9,6,3,['Armsdealing 42' 'Armsdealing 56' 'Armsdealing 67'],48.3,2,['Armsdealing 42' 'Armsdealing 67'],23.2,0,[],0,Armsdealing 67,0,[],0,1,['death'],1
5,30,3081.9,3168.8,7,3,['Armsdealing 55' 'Armsdealing 56' 'Armsdealing 81'],30.1,0,[],0,0,[],0,NA,0,[],0,4,"['May', 'May 2009', 'Otieno']",4
5,31,3168.8,3177.7,1,1,['Armsdealing 100'],11.6,0,[],0,0,[],0,NA,0,[],0,0,[],0
5,32,3177.7,3235.2,6,1,['Armsdealing 27'],6.5,3,['Armsdealing 100'],7.1,0,[],0,Armsdealing 100,0,[],0,2,"['Onyango', 'Owiti']",2
5,33,3235.2,3320.1,3,2,['Armsdealing 73' 'Armsdealing 9'],43.9,0,[],0,0,[],0,NA,0,[],0,1,['health'],1
5,34,3320.1,3366.5,5,1,['Armsdealing 3'],45,3,['Armsdealing 3' 'Armsdealing 9'],26.1,0,[],0,Armsdealing 9,0,[],0,1,['Borodinski'],1
5,35,3366.5,3370.6,1,1,['Armsdealing 33'],8.4,0,[],0,0,[],0,NA,0,[],0,0,[],0
5,36,3370.6,3402.2,6,1,['Armsdealing 15'],19.5,3,['Armsdealing 3' 'Armsdealing 33'],2.6,2,['Armsdealing 3'],2.2,Armsdealing 3,0,[],0,0,[],0
5,37,3402.2,3424.6,1,1,['Armsdealing 18'],5.2,0,[],0,0,[],0,NA,0,[],0,0,[],0
5,38,3424.6,3433.3,1,1,['Armsdealing 20'],2.5,0,[],0,0,[],0,NA,0,[],0,0,[],0
5,39,3433.3,3587.4,11,6,"['Armsdealing 15' 'Armsdealing 21' 'Armsdealing 46' 'Armsdealing 76'
 'Armsdealing 85' 'Armsdealing 95']",140.8,2,['Armsdealing 46' 'Armsdealing 95'],23.2,2,['Armsdealing 15' 'Armsdealing 23'],2.6,Armsdealing 46,0,[],0,1,['George'],1
5,40,3587.4,3722.5,5,1,['Armsdealing 98'],22.4,1,['Armsdealing 98'],3.7,2,['Armsdealing 85'],3.8,Armsdealing 98,0,[],0,1,['munition'],1
5,41,3722.5,3727,1,1,['Armsdealing 99'],17.8,0,[],0,0,[],0,NA,0,[],0,0,[],0
5,42,3727,3778.6,1,0,[],0,0,[],0,0,[],0,NA,0,[],0,1,['dealing'],1
5,43,3778.6,3784.1,1,1,['Armsdealing 64'],80.5,0,[],0,0,[],0,NA,0,[],0,0,[],0
5,44,3784.1,3874.5,8,3,['Armsdealing 61' 'Armsdealing 79' 'Armsdealing 81'],17.9,2,['Armsdealing 64'],3.6,0,[],0,Armsdealing 64,0,[],0,3,"['Nigeria', 'disease', 'sick']",3
5,45,3874.5,3894.9,2,1,['Armsdealing 93'],5.5,0,[],0,0,[],0,NA,0,[],0,1,['pandemic'],1
5,46,3894.9,3943.5,5,3,['Armsdealing 47' 'Armsdealing 7' 'Armsdealing 94'],27.1,2,['Armsdealing 93' 'Armsdealing 94'],7.6,0,[],0,Armsdealing 93,0,[],0,0,[],0
5,47,3943.5,4048.2,4,2,['Armsdealing 10' 'Armsdealing 61'],45.9,1,['Armsdealing 7'],2.1,0,[],0,Armsdealing 7,0,[],0,1,['Apr'],1
5,48,4048.2,4077.7,1,1,['Armsdealing 34'],23.5,0,[],0,0,[],0,NA,0,[],0,0,[],0
5,49,4077.7,4219.8,11,5,"['Armsdealing 11' 'Armsdealing 29' 'Armsdealing 5' 'Armsdealing 57'
 'Armsdealing 8']",64.6,4,['Armsdealing 11' 'Armsdealing 29' 'Armsdealing 57'],12.5,0,[],0,Armsdealing 57,0,[],0,2,"['Mar', 'gun']",2
5,50,4219.8,4269.9,3,1,['Armsdealing 87'],7.3,1,['Armsdealing 5'],36.7,0,[],0,Armsdealing 5,0,[],0,1,['car'],1
5,51,4269.9,4280,2,1,['Armsdealing 71'],3.4,0,[],0,1,['Armsdealing 71'],0.6,NA,0,[],0,0,[],0
5,52,4280,4288.7,3,2,['Armsdealing 44' 'Armsdealing 59'],3.9,1,['Armsdealing 71'],2.5,0,[],0,Armsdealing 71,0,[],0,0,[],0
5,53,4288.7,4299.5,2,2,['Armsdealing 89' 'Armsdealing 90'],11.1,0,[],0,0,[],0,NA,0,[],0,0,[],0
5,54,4299.5,4307.7,2,2,['Armsdealing 91' 'Armsdealing 92'],2.9,0,[],0,0,[],0,NA,0,[],0,0,[],0
5,55,4307.7,4410.2,10,8,"['Armsdealing 28' 'Armsdealing 5' 'Armsdealing 6' 'Armsdealing 7'
 'Armsdealing 8' 'Armsdealing 82' 'Armsdealing 9' 'Armsdealing 93']",84.1,1,['Armsdealing 9'],20.7,0,[],0,Armsdealing 9,0,[],0,1,['parts'],1
5,56,4410.2,4476.5,8,6,"['Armsdealing 83' 'Armsdealing 86' 'Armsdealing 87' 'Armsdealing 88'
 'Armsdealing 89' 'Armsdealing 90']",66.7,1,['Armsdealing 90'],10.6,0,[],0,Armsdealing 90,0,[],0,1,['jtomski'],1
5,57,4476.5,4508,2,1,['Armsdealing 91'],5,0,[],0,0,[],0,NA,0,[],0,1,['car'],1
5,58,4508,4512.6,1,0,[],0,0,[],0,0,[],0,NA,0,[],0,1,['car parts'],1
5,59,4512.6,4521.1,2,1,['Armsdealing 61'],1.6,0,[],0,0,[],0,NA,0,[],0,1,['car'],1
5,60,4521.1,4584.9,17,11,"['Armsdealing 101' 'Armsdealing 5' 'Armsdealing 51' 'Armsdealing 53'
 'Armsdealing 59' 'Armsdealing 60' 'Armsdealing 63' 'Armsdealing 78'
 'Armsdealing 86' 'Armsdealing 87' 'Armsdealing 88']",35.2,2,['Armsdealing 63' 'Armsdealing 86'],4.9,2,['Armsdealing 87' 'Armsdealing 99'],2.8,Armsdealing 63,0,[],0,2,"['volkswagen', 'volkswagon']",2
5,61,4584.9,4589.3,1,1,['Armsdealing 83'],9.4,0,[],0,0,[],0,NA,0,[],0,0,[],0
5,62,4589.3,4652.6,15,6,['Armsdealing 101' 'Armsdealing 86' 'Armsdealing 88' 'Armsdealing 90'],29.8,4,['Armsdealing 83' 'Armsdealing 86' 'Armsdealing 88'],17.6,4,['Armsdealing 101' 'Armsdealing 83' 'Armsdealing 86' 'Armsdealing 88'],5.4,Armsdealing 83,0,[],0,1,['sail'],1
5,63,4652.6,4655.1,1,1,['Armsdealing 44'],4.4,0,[],0,0,[],0,NA,0,[],0,0,[],0
5,64,4655.1,4663.9,1,0,[],0,0,[],0,0,[],0,NA,0,[],0,1,['car'],1
5,65,4663.9,4668.6,1,1,['Armsdealing 57'],4.5,0,[],0,0,[],0,NA,0,[],0,0,[],0
5,66,4668.6,4763.6,15,9,"['Armsdealing 31' 'Armsdealing 33' 'Armsdealing 38' 'Armsdealing 48'
 'Armsdealing 51' 'Armsdealing 54' 'Armsdealing 79' 'Armsdealing 9'
 'Armsdealing 96']",56.1,5,['Armsdealing 33' 'Armsdealing 38' 'Armsdealing 57' 'Armsdealing 96'],7.5,0,[],0,Armsdealing 96,0,[],0,1,['money'],1
5,67,4763.6,4798.4,9,1,['Armsdealing 14'],9.8,4,['Armsdealing 9'],7.5,1,['Armsdealing 9'],2,Armsdealing 9,0,[],0,3,"['green', '123', '136']",3
5,68,4798.4,4854.8,10,3,['Armsdealing 12' 'Armsdealing 13' 'Armsdealing 16'],51.2,2,['Armsdealing 12' 'Armsdealing 14'],7.6,5,['Armsdealing 12' 'Armsdealing 13' 'Armsdealing 14' 'Armsdealing 9'],9.9,Armsdealing 14,0,[],0,0,[],0
5,69,4854.8,4894.2,4,1,['Armsdealing 19'],21.4,1,['Armsdealing 16'],16,0,[],0,Armsdealing 16,0,[],0,2,"['Celik', 'Hakan']",2
5,70,4894.2,4948.3,9,1,['Armsdealing 15'],100.8,1,['Armsdealing 19'],20.3,7,"['Armsdealing 15' 'Armsdealing 16' 'Armsdealing 18' 'Armsdealing 19'
 'Armsdealing 39' 'Armsdealing 43']",10.4,Armsdealing 19,0,[],0,0,[],0
5,71,4948.3,4982.2,5,1,['Armsdealing 24'],19.9,2,['Armsdealing 15'],13.6,0,[],0,Armsdealing 15,0,[],0,2,"['dubia', 'dubai']",2
5,72,4982.2,5022,5,1,['Armsdealing 27'],9.5,2,['Armsdealing 15' 'Armsdealing 24'],15.5,1,['Armsdealing 24'],1,Armsdealing 24,0,[],0,1,['farm'],1
5,73,5022,5032.8,1,1,['Armsdealing 62'],12.4,0,[],0,0,[],0,NA,0,[],0,0,[],0
6,1,0,31.3,9,1,['Armsdealing 72'],169.1,0,[],0,7,"['Armsdealing 101' 'Armsdealing 102' 'Armsdealing 30' 'Armsdealing 65'
 'Armsdealing 68' 'Armsdealing 72']",10.3,NA,0,[],0,1,['Kenya'],1
6,2,31.3,548.8,39,8,"['Armsdealing 101' 'Armsdealing 102' 'Armsdealing 30' 'Armsdealing 65'
 'Armsdealing 72' 'Armsdealing 89']",263,11,['Armsdealing 102' 'Armsdealing 30' 'Armsdealing 65' 'Armsdealing 72'],324.9,11,"['Armsdealing 101' 'Armsdealing 102' 'Armsdealing 30' 'Armsdealing 65'
 'Armsdealing 68' 'Armsdealing 72' 'Armsdealing 89']",12.9,Armsdealing 72,5,"['Minsky ', ' Leonid Minsky was part of a new generation of highly organized post-Soviet criminals whose power and success i', ' Leonid Minsky was part of a new generation of highly organized post-Soviet criminals whose power and success is largel', 'ome of these arms transfers to South Sudan forces were facilitated by a Nairobi-based shipping agency run by a British national, the survey says. It does not name the agency', 'They found receipts for diamond and gun shipments to Yemen']",5,4,"['Nairobi-based', 'British national', 'diamond', 'shipping']",4
6,3,548.8,575.3,2,1,['Armsdealing 44'],4765.8,0,[],0,1,['Armsdealing 44'],0.9,NA,0,[],0,0,[],0
6,4,575.3,648.6,7,0,[],0,4,['Armsdealing 44'],57.1,1,['Armsdealing 44'],0.6,Armsdealing 44,0,[],0,2,"['Waterways AG', 'Tanya']",2
6,5,648.6,717.3,14,2,['Armsdealing 48' 'Armsdealing 69'],2223,3,['Armsdealing 44' 'Armsdealing 48'],37.4,8,['Armsdealing 46' 'Armsdealing 47' 'Armsdealing 48' 'Armsdealing 69'],9.4,Armsdealing 48,0,[],0,1,['Ukrainian'],1
6,6,717.3,894.9,15,1,['Armsdealing 24'],4547.1,8,['Armsdealing 24' 'Armsdealing 69'],155,3,['Armsdealing 24' 'Armsdealing 69'],4.6,Armsdealing 69,1,['public health ministry'],1,2,"['Nigeria', 'Dubai']",2
6,7,894.9,922.1,9,1,['Armsdealing 25'],2.3,3,['Armsdealing 24' 'Armsdealing 69'],1.5,5,"['Armsdealing 25' 'Armsdealing 26' 'Armsdealing 29' 'Armsdealing 52'
 'Armsdealing 55']",6.1,Armsdealing 69,0,[],0,0,[],0
6,8,922.1,981.8,3,2,['Armsdealing 25' 'Armsdealing 26'],92.6,0,[],0,1,['Armsdealing 25'],2,NA,0,[],0,0,[],0
6,9,981.8,1394.2,38,13,"['Armsdealing 11' 'Armsdealing 15' 'Armsdealing 25' 'Armsdealing 26'
 'Armsdealing 29' 'Armsdealing 4' 'Armsdealing 52' 'Armsdealing 55'
 'Armsdealing 84']",314.2,12,"['Armsdealing 11' 'Armsdealing 15' 'Armsdealing 25' 'Armsdealing 26'
 'Armsdealing 29' 'Armsdealing 52' 'Armsdealing 55']",193.9,11,"['Armsdealing 11' 'Armsdealing 15' 'Armsdealing 26' 'Armsdealing 29'
 'Armsdealing 4' 'Armsdealing 52' 'Armsdealing 55' 'Armsdealing 84']",14.8,Armsdealing 26,0,[],0,2,"['April 19', '19 April']",2
6,10,1394.2,1408.5,7,1,['Armsdealing 35'],12.8,2,['Armsdealing 11'],3.7,3,['Armsdealing 11' 'Armsdealing 15' 'Armsdealing 35'],2.9,Armsdealing 11,0,[],0,1,['Nicolai'],1
6,11,1408.5,1425,4,1,['Armsdealing 40'],14.8,1,['Armsdealing 35'],11.8,2,['Armsdealing 35' 'Armsdealing 40'],1.5,Armsdealing 35,0,[],0,0,[],0
6,12,1425,1443.5,1,1,['Armsdealing 18'],54.7,0,[],0,0,[],0,NA,0,[],0,0,[],0
6,13,1443.5,1501.9,7,1,['Armsdealing 37'],32,2,['Armsdealing 18'],49,2,['Armsdealing 18'],1.4,Armsdealing 18,0,[],0,2,"['Khemkhaengon', 'Chanarong']",2
6,14,1501.9,1555.3,6,2,['Armsdealing 25' 'Armsdealing 26'],9.1,3,['Armsdealing 37' 'Armsdealing 44'],31.8,1,['Armsdealing 37'],0.9,Armsdealing 44,0,[],0,0,[],0
6,15,1555.3,1771.3,44,8,"['Armsdealing 25' 'Armsdealing 26' 'Armsdealing 27' 'Armsdealing 29'
 'Armsdealing 52' 'Armsdealing 56']",1552.5,19,"['Armsdealing 26' 'Armsdealing 27' 'Armsdealing 29' 'Armsdealing 44'
 'Armsdealing 69']",86.5,15,"['Armsdealing 11' 'Armsdealing 15' 'Armsdealing 18' 'Armsdealing 26'
 'Armsdealing 27' 'Armsdealing 29' 'Armsdealing 35' 'Armsdealing 37'
 'Armsdealing 4' 'Armsdealing 40' 'Armsdealing 44' 'Armsdealing 52'
 'Armsdealing 55' 'Armsdealing 56']",15.2,Armsdealing 27,0,[],0,2,"['Russian', 'Saleh Ahmed']",2
6,16,1771.3,1880.9,10,2,['Armsdealing 56' 'Armsdealing 63'],53.9,3,['Armsdealing 27' 'Armsdealing 63'],24.5,4,['Armsdealing 56' 'Armsdealing 63'],7.3,Armsdealing 27,0,[],0,1,['Dombrovski'],1
6,17,1880.9,2079.9,19,3,['Armsdealing 84' 'Armsdealing 85' 'Armsdealing 95'],1432.4,9,['Armsdealing 27' 'Armsdealing 84' 'Armsdealing 95'],171.4,5,['Armsdealing 80' 'Armsdealing 84' 'Armsdealing 85' 'Armsdealing 95'],6.6,Armsdealing 95,1,"['THE ENGINEERING AND CONSTRUCTION SERVICES FOR NUMEROUS WATERWAYS AND BYWAYS HERE IN MY COUNTRY. THE CONTRACT INVOICE NUMBER IS THUS; 067/BLKD/PTF/WR-PH/98. TO EXPLAIN IN DETAIL WHAT THIS STANDS FOR, THE PTF STANDS FOR PUBLIC TRANSPORTATION MINISTRY, THE WR-PH STANDS FOR WATER RESOURCES AND PUBLIC HEALTH, WHILE THE 98, STANDS FOR CONTRACT AWARDED IN THE YEAR 1998.\nAS EARLIER INFORMED YOU, THIS TRANSFER WOULD BE MADE TO YOU INFORM OF A CONTRACT PAYMENT OWED TO MY COMPANY OF WHICH PAYMENT IS DUE SINCE APRIL 1999, THE YEAR OF CONTRACT COMPLETION AND NOW YOUR COMPANY HAS BEEN GIVEN FULL AUTHORITY TO ASK FOR PAYMENT TO BE MADE AS A MAJOR PLAYER IN THE ACTUAL CONTRACT EXECUTED BY MY COMPANY.']",1,1,['Dr. George'],1
6,18,2079.9,2194.1,11,2,['Armsdealing 46' 'Armsdealing 85'],208.6,4,['Armsdealing 27' 'Armsdealing 85' 'Armsdealing 95'],92.4,4,['Armsdealing 85'],4.6,Armsdealing 95,0,[],0,1,['WATERWAYS'],1
6,19,2194.1,2272.6,18,1,['Armsdealing 73'],119.8,11,"['Armsdealing 24' 'Armsdealing 27' 'Armsdealing 44' 'Armsdealing 46'
 'Armsdealing 69' 'Armsdealing 95']",34.6,2,['Armsdealing 73' 'Armsdealing 84'],4,Armsdealing 46,0,[],0,4,"['<span class=""highlight-pink"">Waterways</span> Protection Regional Guard', 'Waterways Protection Regional Guard', 'PUBLIC HEALTH', 'HEALTH']",4
6,20,2272.6,2407.5,16,0,[],0,11,['Armsdealing 27' 'Armsdealing 46' 'Armsdealing 73' 'Armsdealing 95'],115.7,2,['Armsdealing 73'],1.8,Armsdealing 73,0,[],0,3,"['Sha‘ab al-Muminin', 'the Young Believers', 'Russian']",3
6,21,2407.5,2437.1,4,1,['Armsdealing 3'],21.1,2,['Armsdealing 27' 'Armsdealing 95'],2.6,1,['Armsdealing 3'],0.8,Armsdealing 95,0,[],0,0,[],0
6,22,2437.1,2469.2,3,1,['Armsdealing 64'],1.7,1,['Armsdealing 95'],0.5,1,['Armsdealing 3'],1.5,Armsdealing 95,0,[],0,0,[],0
6,23,2469.2,2475,2,1,['Armsdealing 77'],126.7,0,[],0,1,['Armsdealing 77'],0.9,NA,0,[],0,0,[],0
6,24,2475,3025,91,20,"['Armsdealing 100' 'Armsdealing 12' 'Armsdealing 13' 'Armsdealing 14'
 'Armsdealing 2' 'Armsdealing 20' 'Armsdealing 21' 'Armsdealing 40'
 'Armsdealing 57' 'Armsdealing 72' 'Armsdealing 77' 'Armsdealing 79'
 'Armsdealing 81']",432.6,45,"['Armsdealing 12' 'Armsdealing 13' 'Armsdealing 2' 'Armsdealing 20'
 'Armsdealing 21' 'Armsdealing 27' 'Armsdealing 44' 'Armsdealing 69'
 'Armsdealing 77' 'Armsdealing 79' 'Armsdealing 95']",191.8,22,"['Armsdealing 12' 'Armsdealing 13' 'Armsdealing 14' 'Armsdealing 20'
 'Armsdealing 21' 'Armsdealing 40' 'Armsdealing 56' 'Armsdealing 63'
 'Armsdealing 77' 'Armsdealing 79' 'Armsdealing 80' 'Armsdealing 81']",35.2,Armsdealing 95,0,[],0,4,"['LIMA', 'Malaysia', 'Nigeria', 'bank']",4
6,25,3025,3074.9,11,3,['Armsdealing 16' 'Armsdealing 19'],122.4,4,['Armsdealing 19' 'Armsdealing 95'],10.3,3,['Armsdealing 16' 'Armsdealing 19'],4.2,Armsdealing 19,0,[],0,1,['Hakan'],1
6,26,3074.9,3221.7,20,3,['Armsdealing 10' 'Armsdealing 16' 'Armsdealing 25'],133.9,11,['Armsdealing 10' 'Armsdealing 16' 'Armsdealing 27' 'Armsdealing 95'],80.7,3,['Armsdealing 10' 'Armsdealing 16' 'Armsdealing 19'],3,Armsdealing 16,0,[],0,3,"['Celik', 'Antalya', 'Baltasar']",3
6,27,3221.7,3245.7,6,1,['Armsdealing 10'],43,0,[],0,5,['Armsdealing 10' 'Armsdealing 84' 'Armsdealing 85'],6.4,NA,0,[],0,0,[],0
6,28,3245.7,3291.2,13,2,['Armsdealing 17' 'Armsdealing 22'],42.3,7,['Armsdealing 10' 'Armsdealing 17'],33.3,2,['Armsdealing 17' 'Armsdealing 22'],1.4,Armsdealing 10,0,[],0,2,"['Antalya', 'Professor']",2
6,29,3291.2,3304.4,2,1,['Armsdealing 23'],59.1,0,[],0,1,['Armsdealing 23'],0.6,NA,0,[],0,0,[],0
6,30,3304.4,3362.1,4,1,['Armsdealing 62'],61.8,2,['Armsdealing 23'],54,0,[],0,Armsdealing 23,0,[],0,1,['farm equipment'],1
6,31,3362.1,3427.3,6,1,['Armsdealing 17'],6.2,2,['Armsdealing 62'],1,3,['Armsdealing 22' 'Armsdealing 23' 'Armsdealing 62'],3,Armsdealing 62,0,[],0,0,[],0
6,32,3427.3,3442,4,1,['Armsdealing 30'],11.8,2,['Armsdealing 17'],4.6,0,[],0,Armsdealing 17,0,[],0,1,['textbooks'],1
6,33,3442,3457.7,6,1,['Armsdealing 47'],10.5,2,['Armsdealing 30'],7.6,1,['Armsdealing 30'],1.5,Armsdealing 30,0,[],0,2,"['Tanya’s', 'Tanya']",2
6,34,3457.7,3470.8,2,1,['Armsdealing 48'],49.7,0,[],0,1,['Armsdealing 47'],0.6,NA,0,[],0,0,[],0
6,35,3470.8,3575.7,4,0,[],0,1,['Armsdealing 48'],44.2,1,['Armsdealing 48'],0.8,Armsdealing 48,0,[],0,2,"['Somalia', 'Lebanon']",2
6,36,3575.7,3643.5,6,2,['Armsdealing 28' 'Armsdealing 4'],69,1,['Armsdealing 28'],0.7,2,['Armsdealing 28'],3.7,Armsdealing 28,0,[],0,1,['Kasem'],1
6,37,3643.5,3718.9,4,1,['Armsdealing 8'],50,0,[],0,2,['Armsdealing 4' 'Armsdealing 8'],2,NA,0,[],0,1,['May'],1
6,38,3718.9,3763.8,6,3,['Armsdealing 70' 'Armsdealing 80'],25.1,1,['Armsdealing 70'],0.5,2,['Armsdealing 70'],2.9,Armsdealing 70,0,[],0,0,[],0
6,39,3763.8,3788.7,8,2,['Armsdealing 101' 'Armsdealing 4'],19.6,2,['Armsdealing 101' 'Armsdealing 4'],1.3,3,['Armsdealing 101' 'Armsdealing 4'],3.8,Armsdealing 101,0,[],0,1,['operation'],1
6,40,3788.7,3799.2,3,1,['Armsdealing 98'],25.9,0,[],0,2,['Armsdealing 4' 'Armsdealing 98'],2.3,NA,0,[],0,0,[],0
6,41,3799.2,3840.9,8,2,['Armsdealing 4'],38.3,4,['Armsdealing 4'],5.2,1,['Armsdealing 4'],0.7,Armsdealing 4,0,[],0,1,['May'],1
6,42,3840.9,3844.1,2,1,['Armsdealing 8'],24.1,1,['Armsdealing 4'],1.3,0,[],0,Armsdealing 4,0,[],0,0,[],0
6,43,3844.1,3883.2,6,2,['Armsdealing 48' 'Armsdealing 70'],10.8,2,['Armsdealing 70'],1.2,1,['Armsdealing 70'],1.3,Armsdealing 70,0,[],0,1,['Nairobi'],1
6,44,3883.2,3892.6,4,1,['Armsdealing 70'],11.9,2,['Armsdealing 70'],3.6,0,[],0,Armsdealing 70,0,[],0,1,"['<span class=""highlight-pink"">Nairobi</span> Hospital']",1
6,45,3892.6,3940.3,4,1,['Armsdealing 30'],54.6,2,['Armsdealing 70'],3.8,0,[],0,Armsdealing 70,0,[],0,1,['Nairobi'],1
6,46,3940.3,3952.2,4,1,['Armsdealing 70'],49.6,2,['Armsdealing 30' 'Armsdealing 70'],10,0,[],0,Armsdealing 30,0,[],0,1,['Hospital'],1
6,47,3952.2,3981.4,8,2,['Armsdealing 56' 'Armsdealing 62'],38.3,4,['Armsdealing 56' 'Armsdealing 70'],24.4,0,[],0,Armsdealing 56,0,[],0,2,"['Aden General', 'Aden']",2
6,48,3981.4,4004.6,10,3,['Armsdealing 101' 'Armsdealing 29' 'Armsdealing 56'],12.3,4,['Armsdealing 24' 'Armsdealing 30' 'Armsdealing 56' 'Armsdealing 62'],2.9,2,['Armsdealing 101' 'Armsdealing 62'],2.9,Armsdealing 62,0,[],0,1,['Hospital'],1
6,49,4004.6,4024.8,6,2,['Armsdealing 70' 'Armsdealing 75'],118.9,3,['Armsdealing 56' 'Armsdealing 70'],2.8,0,[],0,Armsdealing 70,0,[],0,1,['Nairobi'],1
6,50,4024.8,4111.8,4,1,['Armsdealing 8'],10.3,2,['Armsdealing 75'],41.3,0,[],0,Armsdealing 75,0,[],0,1,['April'],1
6,51,4111.8,4124.5,4,1,['Armsdealing 41'],34.5,2,['Armsdealing 8'],5.9,0,[],0,Armsdealing 8,0,[],0,1,['Khouri'],1
6,52,4124.5,4165.5,5,1,['Armsdealing 45'],44.2,1,['Armsdealing 41'],32.6,2,['Armsdealing 41' 'Armsdealing 45'],2.1,Armsdealing 41,0,[],0,1,['Shulaf al-Arama'],1
6,53,4165.5,4211.8,4,1,['Armsdealing 57'],105.1,2,['Armsdealing 45'],42.1,0,[],0,Armsdealing 45,0,[],0,1,['Gaza'],1
6,54,4211.8,4379.7,9,2,['Armsdealing 5' 'Armsdealing 62'],59.1,1,['Armsdealing 62'],2.4,4,['Armsdealing 57' 'Armsdealing 62'],3.5,Armsdealing 62,0,[],0,2,"['Columbia', 'Venezuela']",2
6,55,4379.7,4439.7,7,2,['Armsdealing 5' 'Armsdealing 6'],22.1,0,[],0,5,['Armsdealing 5'],5.7,NA,0,[],0,0,[],0
6,56,4439.7,4636.9,19,2,['Armsdealing 62'],12.5,5,['Armsdealing 24' 'Armsdealing 62'],6.8,8,['Armsdealing 3' 'Armsdealing 6' 'Armsdealing 62'],9.3,Armsdealing 24,0,[],0,4,"['Raleigh', 'government', 'April', 'car parts']",4
6,57,4636.9,4642.7,1,0,[],0,0,[],0,0,[],0,NA,0,[],0,1,['parts'],1
6,58,4642.7,4647.8,1,1,['Armsdealing 89'],193.9,0,[],0,0,[],0,NA,0,[],0,0,[],0
6,59,4647.8,4653.9,4,1,['Armsdealing 87'],20.3,2,['Armsdealing 89'],4.3,0,[],0,Armsdealing 89,0,[],0,1,['Pontiac'],1
6,60,4653.9,4690.8,14,1,['Armsdealing 86'],15.9,9,['Armsdealing 87' 'Armsdealing 89'],21.2,2,['Armsdealing 87'],1.4,Armsdealing 89,0,[],0,2,"['vw parts', 'vw']",2
6,61,4690.8,4890.4,54,15,"['Armsdealing 46' 'Armsdealing 6' 'Armsdealing 82' 'Armsdealing 83'
 'Armsdealing 87' 'Armsdealing 88' 'Armsdealing 90' 'Armsdealing 91'
 'Armsdealing 93' 'Armsdealing 94']",138.3,28,"['Armsdealing 6' 'Armsdealing 82' 'Armsdealing 83' 'Armsdealing 86'
 'Armsdealing 87' 'Armsdealing 88' 'Armsdealing 89' 'Armsdealing 90'
 'Armsdealing 91' 'Armsdealing 93']",71.7,8,"['Armsdealing 6' 'Armsdealing 82' 'Armsdealing 83' 'Armsdealing 86'
 'Armsdealing 90' 'Armsdealing 91']",8,Armsdealing 89,0,[],0,3,"['jtomski', 'Jhon', 'savvytraveladvice']",3
6,62,4890.4,4922.4,9,4,['Armsdealing 19' 'Armsdealing 25' 'Armsdealing 92' 'Armsdealing 94'],18.7,3,['Armsdealing 94'],9.7,1,['Armsdealing 92'],0.8,Armsdealing 94,0,[],0,1,['Emerites'],1
6,63,4922.4,4937.7,5,1,['Armsdealing 94'],9.8,1,['Armsdealing 94'],4.9,2,['Armsdealing 94'],1.6,Armsdealing 94,0,[],0,1,['Vwhombre'],1
6,64,4937.7,4983.2,5,1,['Armsdealing 2'],4.4,1,['Armsdealing 94'],2,1,['Armsdealing 2'],1.3,Armsdealing 94,0,[],0,2,"['jt', 'Pakistan']",2
6,65,4983.2,5008.1,2,1,['Armsdealing 43'],79.5,0,[],0,1,['Armsdealing 2'],1,NA,0,[],0,0,[],0
7,1,0,121.3,6,1,['Armsdealing 70'],163.6,0,[],0,0,[],0,NA,0,[],0,5,"['disease', 'pandewmic', 'pandemic', 'death']",5
7,2,121.3,138.6,3,1,['Armsdealing 65'],67.4,1,['Armsdealing 70'],0.7,1,['Armsdealing 70'],1.1,Armsdealing 70,0,[],0,0,[],0
7,3,138.6,211.8,15,3,['Armsdealing 56' 'Armsdealing 75' 'Armsdealing 76'],44.1,10,['Armsdealing 65' 'Armsdealing 70' 'Armsdealing 76'],31.8,1,['Armsdealing 65'],2.3,Armsdealing 70,0,[],0,1,['sici'],1
7,4,211.8,212.9,1,0,[],0,0,[],0,0,[],0,NA,0,[],0,1,['sick'],1
7,5,212.9,334.7,11,2,['Armsdealing 3' 'Armsdealing 95'],228.4,5,['Armsdealing 70' 'Armsdealing 95'],2.6,3,['Armsdealing 65' 'Armsdealing 70' 'Armsdealing 95'],2.9,Armsdealing 95,0,[],0,1,['russia'],1
7,6,334.7,349.6,2,2,['Armsdealing 4' 'Armsdealing 64'],6.1,0,[],0,0,[],0,NA,0,[],0,0,[],0
7,7,349.6,375.3,8,3,['Armsdealing 24' 'Armsdealing 50' 'Armsdealing 84'],122.7,4,['Armsdealing 64' 'Armsdealing 84' 'Armsdealing 95'],8.9,0,[],0,Armsdealing 95,0,[],0,1,['George'],1
7,8,375.3,551.4,37,5,['Armsdealing 24' 'Armsdealing 84' 'Armsdealing 85' 'Armsdealing 95'],118.6,18,['Armsdealing 24' 'Armsdealing 84' 'Armsdealing 85' 'Armsdealing 95'],27.3,13,['Armsdealing 24' 'Armsdealing 84' 'Armsdealing 85' 'Armsdealing 95'],15.4,Armsdealing 95,0,[],0,1,['nigeria'],1
7,9,551.4,724.6,29,4,['Armsdealing 65' 'Armsdealing 69' 'Armsdealing 72' 'Armsdealing 75'],354.9,13,['Armsdealing 65' 'Armsdealing 69' 'Armsdealing 72'],72.4,8,['Armsdealing 65' 'Armsdealing 69' 'Armsdealing 72'],49.7,Armsdealing 72,0,[],0,4,"['Minsky', 'bridge', 'civil']",4
7,10,724.6,771.5,3,0,[],0,0,[],0,0,[],0,NA,0,[],0,3,"['kenya', 'syria', 'lebanon']",3
7,11,771.5,779.4,1,0,[],0,0,[],0,0,[],0,NA,0,[],0,1,['pakistan'],1
7,12,779.4,785.3,1,0,[],0,0,[],0,0,[],0,NA,0,[],0,1,['yemen'],1
7,13,785.3,810.1,3,0,[],0,0,[],0,0,[],0,NA,0,[],0,3,"['spread', 'infect', 'hospital']",3
7,14,810.1,1037.8,36,18,"['Armsdealing 100' 'Armsdealing 102' 'Armsdealing 30' 'Armsdealing 42'
 'Armsdealing 44' 'Armsdealing 48' 'Armsdealing 56' 'Armsdealing 67'
 'Armsdealing 68' 'Armsdealing 70' 'Armsdealing 98']",264.9,11,['Armsdealing 100' 'Armsdealing 102' 'Armsdealing 48' 'Armsdealing 68'],17.9,4,['Armsdealing 102' 'Armsdealing 48' 'Armsdealing 68'],6.6,Armsdealing 102,0,[],0,3,"['kenya', 'otieno', 'british']",3
7,15,1037.8,1149.4,13,7,"['Armsdealing 101' 'Armsdealing 44' 'Armsdealing 46' 'Armsdealing 47'
 'Armsdealing 48' 'Armsdealing 67' 'Armsdealing 93']",125.1,2,['Armsdealing 101' 'Armsdealing 48'],19.3,2,['Armsdealing 48'],1.9,Armsdealing 101,0,[],0,2,"['tanya', 'mombasa']",2
7,16,1149.4,1224.2,6,1,['Armsdealing 1'],8.5,1,['Armsdealing 101'],0.5,4,['Armsdealing 101' 'Armsdealing 52' 'Armsdealing 76'],4.4,Armsdealing 101,0,[],0,0,[],0
7,17,1224.2,1233.5,1,1,['Armsdealing 2'],3.5,0,[],0,0,[],0,NA,0,[],0,0,[],0
7,18,1233.5,1238.4,1,1,['Armsdealing 3'],3.8,0,[],0,0,[],0,NA,0,[],0,0,[],0
7,19,1238.4,1245.6,1,1,['Armsdealing 5'],76.4,0,[],0,0,[],0,NA,0,[],0,0,[],0
7,20,1245.6,1439.2,32,5,"['Armsdealing 5' 'Armsdealing 6' 'Armsdealing 7' 'Armsdealing 82'
 'Armsdealing 9']",111.8,15,['Armsdealing 5' 'Armsdealing 6' 'Armsdealing 9'],53.5,7,['Armsdealing 5' 'Armsdealing 6' 'Armsdealing 7' 'Armsdealing 9'],21.6,Armsdealing 5,0,[],0,5,"['barcelona', 'jorge', 'beto', 'venezuela', 'jhon']",5
7,21,1439.2,1528.8,21,11,"['Armsdealing 6' 'Armsdealing 82' 'Armsdealing 83' 'Armsdealing 90'
 'Armsdealing 91' 'Armsdealing 93']",108.9,4,['Armsdealing 6' 'Armsdealing 82'],3.8,5,['Armsdealing 82' 'Armsdealing 90' 'Armsdealing 91' 'Armsdealing 93'],4.4,Armsdealing 6,0,[],0,1,['jtomski'],1
7,22,1528.8,1564.1,9,1,['Armsdealing 86'],41.6,1,['Armsdealing 83'],9.4,6,['Armsdealing 83' 'Armsdealing 86' 'Armsdealing 88'],6.4,Armsdealing 83,0,[],0,1,['volkswagon'],1
7,23,1564.1,1590.8,9,1,['Armsdealing 88'],38.5,7,['Armsdealing 86' 'Armsdealing 88'],20.7,0,[],0,Armsdealing 86,0,[],0,1,['vwhombre'],1
7,24,1590.8,1640.5,12,4,['Armsdealing 87' 'Armsdealing 89' 'Armsdealing 94'],18.5,3,['Armsdealing 86' 'Armsdealing 89'],6.4,4,['Armsdealing 86' 'Armsdealing 87' 'Armsdealing 89' 'Armsdealing 94'],5.2,Armsdealing 86,0,[],0,1,['april'],1
7,25,1640.5,1644.9,1,1,['Armsdealing 30'],7.2,0,[],0,0,[],0,NA,0,[],0,0,[],0
7,26,1644.9,1667.6,5,4,['Armsdealing 11' 'Armsdealing 29' 'Armsdealing 34' 'Armsdealing 8'],13.4,1,['Armsdealing 29'],2.4,0,[],0,Armsdealing 29,0,[],0,0,[],0
7,27,1667.6,1722.1,8,4,['Armsdealing 61' 'Armsdealing 87' 'Armsdealing 92' 'Armsdealing 94'],18.2,0,[],0,1,['Armsdealing 92'],1.5,NA,0,[],0,3,"['savvytraveladvice', 'april', 'jt']",3
7,28,1722.1,1728.7,2,1,['Armsdealing 94'],3.3,0,[],0,0,[],0,NA,0,[],0,1,['pontiac'],1
7,29,1728.7,1732.9,3,1,['Armsdealing 89'],2,2,['Armsdealing 94'],1.4,0,[],0,Armsdealing 94,0,[],0,0,[],0
7,30,1732.9,1743.6,2,1,['Armsdealing 92'],4.6,0,[],0,0,[],0,NA,0,[],0,1,['arab'],1
7,31,1743.6,1755.1,2,1,['Armsdealing 51'],24.4,0,[],0,0,[],0,NA,0,[],0,1,['jewel'],1
7,32,1755.1,1783.8,5,1,['Armsdealing 30'],9.1,1,['Armsdealing 51'],8.6,2,['Armsdealing 30' 'Armsdealing 51'],2.6,Armsdealing 51,0,[],0,1,['giunter'],1
7,33,1783.8,1788.6,1,1,['Armsdealing 51'],2.5,0,[],0,0,[],0,NA,0,[],0,0,[],0
7,34,1788.6,1807.4,2,1,['Armsdealing 71'],14.6,0,[],0,0,[],0,NA,0,[],0,1,['barcelona'],1
7,35,1807.4,1914.2,10,3,['Armsdealing 47' 'Armsdealing 67' 'Armsdealing 80'],91.8,3,['Armsdealing 71' 'Armsdealing 80'],23.8,2,['Armsdealing 71'],3.4,Armsdealing 80,0,[],0,2,"['joetomsk', 'boyo']",2
7,36,1914.2,2035.9,13,4,['Armsdealing 27' 'Armsdealing 63' 'Armsdealing 79' 'Armsdealing 81'],283.7,8,['Armsdealing 27' 'Armsdealing 79' 'Armsdealing 81'],43.9,0,[],0,Armsdealing 79,0,[],0,1,['ahmed'],1
7,37,2035.9,2146.6,11,1,['Armsdealing 96'],64.4,6,['Armsdealing 27' 'Armsdealing 63' 'Armsdealing 96'],37.3,4,['Armsdealing 27' 'Armsdealing 63' 'Armsdealing 96'],5.1,Armsdealing 63,0,[],0,0,[],0
7,38,2146.6,2282.6,12,5,"['Armsdealing 27' 'Armsdealing 56' 'Armsdealing 65' 'Armsdealing 69'
 'Armsdealing 72']",119.6,2,['Armsdealing 65' 'Armsdealing 72'],1,3,['Armsdealing 65' 'Armsdealing 72'],4.1,Armsdealing 72,0,[],0,2,"['leonid', 'yemen']",2
7,39,2282.6,2299,5,1,['Armsdealing 76'],30.6,3,['Armsdealing 56'],4.7,1,['Armsdealing 56'],2.4,Armsdealing 56,0,[],0,0,[],0
7,40,2299,2362.7,12,2,['Armsdealing 29' 'Armsdealing 62'],43.6,3,['Armsdealing 62' 'Armsdealing 76'],3.9,7,"['Armsdealing 51' 'Armsdealing 62' 'Armsdealing 65' 'Armsdealing 69'
 'Armsdealing 72' 'Armsdealing 76']",4.8,Armsdealing 76,0,[],0,0,[],0
7,41,2362.7,2390.6,2,0,[],0,0,[],0,2,['Armsdealing 29'],2.6,NA,0,[],0,0,[],0
7,42,2390.6,2402.1,3,1,['Armsdealing 63'],2.6,0,[],0,0,[],0,NA,0,[],0,2,"['raleigh', 'sana']",2
7,43,2402.1,2486.8,17,6,"['Armsdealing 100' 'Armsdealing 28' 'Armsdealing 29' 'Armsdealing 41'
 'Armsdealing 62' 'Armsdealing 76']",56.4,5,['Armsdealing 28' 'Armsdealing 29' 'Armsdealing 62' 'Armsdealing 76'],19,5,['Armsdealing 28' 'Armsdealing 29' 'Armsdealing 62'],8.3,Armsdealing 28,0,[],0,1,['kasem'],1
7,44,2486.8,2648.4,26,15,"['Armsdealing 28' 'Armsdealing 32' 'Armsdealing 4' 'Armsdealing 45'
 'Armsdealing 57' 'Armsdealing 59' 'Armsdealing 61' 'Armsdealing 64'
 'Armsdealing 8']",109.5,5,['Armsdealing 57' 'Armsdealing 64' 'Armsdealing 8'],17.3,4,['Armsdealing 32' 'Armsdealing 59' 'Armsdealing 61' 'Armsdealing 64'],6.6,Armsdealing 57,0,[],0,2,"['anka', 'ilyushin']",2
7,45,2648.4,2685.1,10,4,['Armsdealing 33' 'Armsdealing 34' 'Armsdealing 58' 'Armsdealing 71'],20.2,1,['Armsdealing 71'],0.5,5,['Armsdealing 33' 'Armsdealing 34' 'Armsdealing 71' 'Armsdealing 83'],6.7,Armsdealing 71,0,[],0,0,[],0
7,46,2685.1,2752.6,12,5,['Armsdealing 11' 'Armsdealing 39' 'Armsdealing 55' 'Armsdealing 66'],252,3,['Armsdealing 11' 'Armsdealing 58' 'Armsdealing 66'],10,3,['Armsdealing 60' 'Armsdealing 66' 'Armsdealing 67'],3.3,Armsdealing 58,0,[],0,1,['dubai'],1
7,47,2752.6,2964.2,39,18,"['Armsdealing 12' 'Armsdealing 15' 'Armsdealing 2' 'Armsdealing 36'
 'Armsdealing 4' 'Armsdealing 43' 'Armsdealing 49' 'Armsdealing 52'
 'Armsdealing 55']",106.8,14,['Armsdealing 43' 'Armsdealing 49' 'Armsdealing 55'],73.1,4,['Armsdealing 43' 'Armsdealing 55'],7.4,Armsdealing 55,0,[],0,3,"['maulana', 'akram', 'delivery']",3
7,48,2964.2,3043.7,14,4,['Armsdealing 101' 'Armsdealing 23' 'Armsdealing 29' 'Armsdealing 43'],61,4,['Armsdealing 23' 'Armsdealing 29'],9.3,4,['Armsdealing 23' 'Armsdealing 29'],6,Armsdealing 23,0,[],0,2,"['farming', 'aden']",2
7,49,3043.7,3059.3,5,2,['Armsdealing 56' 'Armsdealing 62'],7.1,1,['Armsdealing 62'],0.5,1,['Armsdealing 62'],1.3,Armsdealing 62,0,[],0,1,['nicolai'],1
7,50,3059.3,3064.5,1,1,['Armsdealing 30'],3,0,[],0,0,[],0,NA,0,[],0,0,[],0
7,51,3064.5,3132,15,7,"['Armsdealing 10' 'Armsdealing 11' 'Armsdealing 18' 'Armsdealing 29'
 'Armsdealing 30' 'Armsdealing 40' 'Armsdealing 77']",74.1,3,['Armsdealing 29' 'Armsdealing 30' 'Armsdealing 40'],7.1,3,['Armsdealing 30'],3.5,Armsdealing 30,0,[],0,2,"['moswcow', 'moscow']",2
7,52,3132,3141.1,1,1,['Armsdealing 24'],1.8,0,[],0,0,[],0,NA,0,[],0,0,[],0
7,53,3141.1,3166.7,7,1,['Armsdealing 22'],5.9,0,[],0,6,"['Armsdealing 23' 'Armsdealing 36' 'Armsdealing 37' 'Armsdealing 38'
 'Armsdealing 40' 'Armsdealing 42']",4.9,NA,0,[],0,0,[],0
7,54,3166.7,3263.7,20,10,"['Armsdealing 10' 'Armsdealing 14' 'Armsdealing 15' 'Armsdealing 16'
 'Armsdealing 17' 'Armsdealing 18' 'Armsdealing 19' 'Armsdealing 20'
 'Armsdealing 21' 'Armsdealing 50']",113.5,6,['Armsdealing 14' 'Armsdealing 17' 'Armsdealing 22' 'Armsdealing 50'],31,0,[],0,Armsdealing 50,0,[],0,4,"['textbook', 'professor', 'Sviatoslavich’s', 'Soltanzadeh']",4
7,55,3263.7,3277.8,7,2,['Armsdealing 61' 'Armsdealing 72'],13.6,3,['Armsdealing 50' 'Armsdealing 61'],3.8,1,['Armsdealing 61'],5.7,Armsdealing 50,0,[],0,1,['Pyongyang'],1
7,56,3277.8,3443.1,24,14,"['Armsdealing 23' 'Armsdealing 37' 'Armsdealing 39' 'Armsdealing 40'
 'Armsdealing 41' 'Armsdealing 53' 'Armsdealing 54' 'Armsdealing 57'
 'Armsdealing 58' 'Armsdealing 65' 'Armsdealing 66' 'Armsdealing 67'
 'Armsdealing 75']",98.4,5,"['Armsdealing 54' 'Armsdealing 58' 'Armsdealing 65' 'Armsdealing 72'
 'Armsdealing 75']",13.9,4,['Armsdealing 41' 'Armsdealing 65' 'Armsdealing 72'],6.6,Armsdealing 72,0,[],0,1,['lebanon'],1
7,57,3443.1,3464.4,3,2,['Armsdealing 28' 'Armsdealing 60'],38.2,0,[],0,0,[],0,NA,0,[],0,1,['iran'],1
7,58,3464.4,3561.2,26,11,"['Armsdealing 1' 'Armsdealing 11' 'Armsdealing 33' 'Armsdealing 34'
 'Armsdealing 4' 'Armsdealing 50' 'Armsdealing 64' 'Armsdealing 71']",54.9,7,"['Armsdealing 11' 'Armsdealing 33' 'Armsdealing 34' 'Armsdealing 60'
 'Armsdealing 64' 'Armsdealing 71']",10.9,6,['Armsdealing 33' 'Armsdealing 34' 'Armsdealing 64' 'Armsdealing 71'],14.5,Armsdealing 11,0,[],0,2,"['igor', 'saudi']",2
7,59,3561.2,3574.4,1,1,['Armsdealing 63'],11.7,0,[],0,0,[],0,NA,0,[],0,0,[],0
7,60,3574.4,3601.7,4,2,['Armsdealing 62' 'Armsdealing 96'],21.9,1,['Armsdealing 63'],0.9,0,[],0,Armsdealing 63,0,[],0,1,['columbia'],1
7,61,3601.7,3623.6,4,0,[],0,1,['Armsdealing 62'],0.6,2,['Armsdealing 62'],1.5,Armsdealing 62,0,[],0,1,['health'],1
7,62,3623.6,3746.3,7,3,['Armsdealing 24' 'Armsdealing 84' 'Armsdealing 95'],335.8,3,['Armsdealing 24' 'Armsdealing 95'],75.8,0,[],0,Armsdealing 24,0,[],0,1,['construction'],1
7,63,3746.3,3786.7,16,5,"['Armsdealing 24' 'Armsdealing 65' 'Armsdealing 72' 'Armsdealing 84'
 'Armsdealing 85']",20.6,6,['Armsdealing 24' 'Armsdealing 65' 'Armsdealing 72' 'Armsdealing 95'],3,3,['Armsdealing 65' 'Armsdealing 72'],2.7,Armsdealing 95,0,[],0,2,"['projecty', 'project']",2
7,64,3786.7,3797.8,2,2,['Armsdealing 102' 'Armsdealing 79'],296.9,0,[],0,0,[],0,NA,0,[],0,0,[],0
7,65,3797.8,3814.1,3,2,['Armsdealing 77' 'Armsdealing 84'],4.8,1,['Armsdealing 79'],10,0,[],0,Armsdealing 79,0,[],0,0,[],0
7,66,3814.1,3869.7,5,0,[],0,3,['Armsdealing 79'],15.1,0,[],0,Armsdealing 79,0,[],0,2,"['funsho', 'energy']",2
7,67,3869.7,3882.4,3,1,['Armsdealing 84'],63.4,0,[],0,0,[],0,NA,0,[],0,2,"['minerals', 'water']",2
7,68,3882.4,3981.2,7,1,['Armsdealing 46'],3.9,4,['Armsdealing 79' 'Armsdealing 84'],19.6,0,[],0,Armsdealing 79,0,[],0,2,"['investment', 'project']",2
7,69,3981.2,4059.9,14,4,['Armsdealing 24' 'Armsdealing 65' 'Armsdealing 72' 'Armsdealing 85'],44.2,4,['Armsdealing 24' 'Armsdealing 65' 'Armsdealing 85'],11.9,3,['Armsdealing 65' 'Armsdealing 72'],4.7,Armsdealing 85,0,[],0,3,"['lagos', 'nigeria', 'syria']",3
7,70,4059.9,4074.2,4,4,['Armsdealing 10' 'Armsdealing 17' 'Armsdealing 22' 'Armsdealing 71'],6.2,0,[],0,0,[],0,NA,0,[],0,0,[],0
7,71,4074.2,4095.9,5,1,['Armsdealing 9'],7.9,1,['Armsdealing 71'],0.5,2,['Armsdealing 71'],2.3,Armsdealing 71,0,[],0,1,['kenya'],1
7,72,4095.9,4108.4,2,1,['Armsdealing 58'],1.3,0,[],0,0,[],0,NA,0,[],0,1,['green'],1
7,73,4108.4,4110.5,1,1,['Armsdealing 23'],1.3,0,[],0,0,[],0,NA,0,[],0,0,[],0
7,74,4110.5,4287.1,19,12,"['Armsdealing 1' 'Armsdealing 27' 'Armsdealing 35' 'Armsdealing 53'
 'Armsdealing 54' 'Armsdealing 58' 'Armsdealing 75' 'Armsdealing 78'
 'Armsdealing 79' 'Armsdealing 80' 'Armsdealing 81' 'Armsdealing 99']",89.7,5,"['Armsdealing 53' 'Armsdealing 54' 'Armsdealing 58' 'Armsdealing 80'
 'Armsdealing 81']",35.9,0,[],0,Armsdealing 58,0,[],0,2,"['mikhail', 'soltan']",2
7,75,4287.1,4289.8,1,1,['Armsdealing 50'],125.7,0,[],0,0,[],0,NA,0,[],0,0,[],0
7,76,4289.8,4313.5,7,3,['Armsdealing 1' 'Armsdealing 2' 'Armsdealing 3'],8.8,3,['Armsdealing 3' 'Armsdealing 50'],9.1,0,[],0,Armsdealing 3,0,[],0,1,['borodinski'],1
7,77,4313.5,4490.8,37,14,"['Armsdealing 28' 'Armsdealing 29' 'Armsdealing 3' 'Armsdealing 4'
 'Armsdealing 41' 'Armsdealing 45' 'Armsdealing 51' 'Armsdealing 57'
 'Armsdealing 64' 'Armsdealing 8']",313.5,18,"['Armsdealing 28' 'Armsdealing 4' 'Armsdealing 41' 'Armsdealing 50'
 'Armsdealing 51' 'Armsdealing 8']",11.8,1,['Armsdealing 51'],6.3,Armsdealing 50,0,[],0,4,"['khouri', 'kasem', 'russia', 'giunter']",4
7,78,4490.8,4518.1,5,2,['Armsdealing 18' 'Armsdealing 37'],6.5,0,[],0,3,['Armsdealing 101' 'Armsdealing 52' 'Armsdealing 53'],6.5,NA,0,[],0,0,[],0
7,79,4518.1,4564.4,4,1,['Armsdealing 70'],2.1,0,[],0,0,[],0,NA,0,[],0,3,"['ill', 'illness', 'sick']",3
7,80,4564.4,4653.2,4,2,['Armsdealing 102' 'Armsdealing 95'],401.3,2,['Armsdealing 95'],7.2,0,[],0,Armsdealing 95,0,[],0,0,[],0
7,81,4653.2,4686.6,5,1,['Armsdealing 48'],7.6,3,['Armsdealing 102'],8.8,0,[],0,Armsdealing 102,0,[],0,1,['mombasa'],1
7,82,4686.6,4729.8,8,2,['Armsdealing 1' 'Armsdealing 48'],4.9,4,['Armsdealing 102' 'Armsdealing 48'],20.8,1,['Armsdealing 48'],1.3,Armsdealing 102,0,[],0,1,['ukraine'],1
7,83,4729.8,4732.9,1,1,['Armsdealing 44'],2.4,0,[],0,0,[],0,NA,0,[],0,0,[],0
7,84,4732.9,4770.3,11,3,['Armsdealing 33' 'Armsdealing 50' 'Armsdealing 64'],17.1,5,['Armsdealing 102' 'Armsdealing 33' 'Armsdealing 95'],7.6,3,['Armsdealing 102' 'Armsdealing 33' 'Armsdealing 64'],8.7,Armsdealing 102,0,[],0,0,[],0
7,85,4770.3,4828.8,7,5,"['Armsdealing 40' 'Armsdealing 5' 'Armsdealing 6' 'Armsdealing 66'
 'Armsdealing 67']",24.6,2,['Armsdealing 40' 'Armsdealing 95'],1.2,0,[],0,Armsdealing 95,0,[],0,0,[],0
8,1,0,75.9,12,3,['Armsdealing 79' 'Armsdealing 81' 'Armsdealing 97'],7664.2,4,['Armsdealing 79' 'Armsdealing 97'],7.7,3,['Armsdealing 79' 'Armsdealing 97'],3,Armsdealing 97,0,[],0,2,"['disease', 'Nigeria']",2
8,2,75.9,157.8,43,5,"['Armsdealing 24' 'Armsdealing 65' 'Armsdealing 72' 'Armsdealing 84'
 'Armsdealing 85']",10676.8,31,"['Armsdealing 24' 'Armsdealing 65' 'Armsdealing 72' 'Armsdealing 79'
 'Armsdealing 81' 'Armsdealing 84' 'Armsdealing 85' 'Armsdealing 97']",54.3,6,"['Armsdealing 24' 'Armsdealing 65' 'Armsdealing 72' 'Armsdealing 81'
 'Armsdealing 84' 'Armsdealing 85']",8.8,Armsdealing 79,0,[],0,1,['Kenya\\'],1
8,3,157.8,158.9,1,0,[],0,0,[],0,0,[],0,NA,0,[],0,1,['Kenya'],1
8,4,158.9,534.1,93,7,"['Armsdealing 30' 'Armsdealing 42' 'Armsdealing 67' 'Armsdealing 68'
 'Armsdealing 70' 'Armsdealing 74']",7994.3,62,"['Armsdealing 30' 'Armsdealing 42' 'Armsdealing 67' 'Armsdealing 68'
 'Armsdealing 70' 'Armsdealing 79' 'Armsdealing 81' 'Armsdealing 84'
 'Armsdealing 85' 'Armsdealing 97']",202.9,14,"['Armsdealing 30' 'Armsdealing 37' 'Armsdealing 42' 'Armsdealing 58'
 'Armsdealing 67' 'Armsdealing 68' 'Armsdealing 70' 'Armsdealing 79'
 'Armsdealing 81']",25.4,Armsdealing 81,0,[],0,10,"['Nigeria', 'Kenya', 'Onyango', 'disease', 'Otieno', 'hospital', 'otieno']",10
8,5,534.1,635.2,20,0,[],0,15,"['Armsdealing 67' 'Armsdealing 68' 'Armsdealing 70' 'Armsdealing 74'
 'Armsdealing 79' 'Armsdealing 84' 'Armsdealing 85' 'Armsdealing 97']",70.5,4,['Armsdealing 67' 'Armsdealing 68' 'Armsdealing 70' 'Armsdealing 74'],5.1,Armsdealing 68,0,[],0,1,['syria'],1
8,6,635.2,643.8,2,1,['Armsdealing 10'],18.1,0,[],0,1,['Armsdealing 10'],2.2,NA,0,[],0,0,[],0
8,7,643.8,789.3,71,5,"['Armsdealing 17' 'Armsdealing 22' 'Armsdealing 23' 'Armsdealing 71'
 'Armsdealing 98']",3735.3,47,"['Armsdealing 10' 'Armsdealing 17' 'Armsdealing 22' 'Armsdealing 23'
 'Armsdealing 24' 'Armsdealing 42' 'Armsdealing 67' 'Armsdealing 70'
 'Armsdealing 79' 'Armsdealing 84' 'Armsdealing 85' 'Armsdealing 97'
 'Armsdealing 98']",59.6,18,"['Armsdealing 10' 'Armsdealing 17' 'Armsdealing 22' 'Armsdealing 23'
 'Armsdealing 24' 'Armsdealing 30' 'Armsdealing 67' 'Armsdealing 79'
 'Armsdealing 84' 'Armsdealing 85' 'Armsdealing 97' 'Armsdealing 98']",27.4,Armsdealing 79,0,[],0,1,['moscow'],1
8,8,789.3,792.4,1,1,['Armsdealing 27'],14,0,[],0,0,[],0,NA,0,[],0,0,[],0
8,9,792.4,894.9,60,3,['Armsdealing 27' 'Armsdealing 29' 'Armsdealing 51'],296.9,48,"['Armsdealing 17' 'Armsdealing 24' 'Armsdealing 27' 'Armsdealing 29'
 'Armsdealing 42' 'Armsdealing 51' 'Armsdealing 67' 'Armsdealing 79'
 'Armsdealing 81' 'Armsdealing 85' 'Armsdealing 98']",81.8,7,['Armsdealing 27' 'Armsdealing 29' 'Armsdealing 51'],11.3,Armsdealing 98,0,[],0,2,"['tatya', 'jewels']",2
8,10,894.9,1037.5,27,3,['Armsdealing 30' 'Armsdealing 95'],4612.2,13,"['Armsdealing 17' 'Armsdealing 29' 'Armsdealing 30' 'Armsdealing 68'
 'Armsdealing 70' 'Armsdealing 72' 'Armsdealing 85']",44.5,10,"['Armsdealing 27' 'Armsdealing 29' 'Armsdealing 30' 'Armsdealing 51'
 'Armsdealing 72']",21.1,Armsdealing 30,0,[],0,1,['dombrov'],1
8,11,1037.5,1232.5,80,2,['Armsdealing 27' 'Armsdealing 51'],187.9,66,"['Armsdealing 17' 'Armsdealing 24' 'Armsdealing 27' 'Armsdealing 30'
 'Armsdealing 51' 'Armsdealing 65' 'Armsdealing 67' 'Armsdealing 72'
 'Armsdealing 79' 'Armsdealing 84' 'Armsdealing 85' 'Armsdealing 95'
 'Armsdealing 97' 'Armsdealing 98']",114.6,11,['Armsdealing 24' 'Armsdealing 27' 'Armsdealing 51' 'Armsdealing 95'],14.9,Armsdealing 24,0,[],0,1,['giunter'],1
8,12,1232.5,1266.2,5,1,['Armsdealing 69'],8.5,2,['Armsdealing 42'],1,1,['Armsdealing 23'],0.9,Armsdealing 42,0,[],0,1,['yemen'],1
8,13,1266.2,1277.9,3,1,['Armsdealing 96'],11.4,0,[],0,2,['Armsdealing 69'],2,NA,0,[],0,0,[],0
8,14,1277.9,1310.8,11,3,['Armsdealing 18' 'Armsdealing 73' 'Armsdealing 76'],217.5,4,['Armsdealing 42' 'Armsdealing 96'],2.3,4,['Armsdealing 73' 'Armsdealing 76' 'Armsdealing 96'],4.1,Armsdealing 42,0,[],0,0,[],0
8,15,1310.8,1398.4,21,3,['Armsdealing 11' 'Armsdealing 26' 'Armsdealing 35'],429,11,"['Armsdealing 17' 'Armsdealing 18' 'Armsdealing 42' 'Armsdealing 81'
 'Armsdealing 98']",14.2,5,['Armsdealing 11' 'Armsdealing 18' 'Armsdealing 26' 'Armsdealing 42'],6.3,Armsdealing 98,0,[],0,2,['nicolai'],2
8,16,1398.4,1964.3,168,16,"['Armsdealing 27' 'Armsdealing 29' 'Armsdealing 35' 'Armsdealing 42'
 'Armsdealing 52' 'Armsdealing 53' 'Armsdealing 54' 'Armsdealing 56'
 'Armsdealing 63' 'Armsdealing 67' 'Armsdealing 85']",7577.3,121,"['Armsdealing 17' 'Armsdealing 18' 'Armsdealing 27' 'Armsdealing 29'
 'Armsdealing 30' 'Armsdealing 35' 'Armsdealing 56' 'Armsdealing 65'
 'Armsdealing 67' 'Armsdealing 68' 'Armsdealing 70' 'Armsdealing 72'
 'Armsdealing 79' 'Armsdealing 81' 'Armsdealing 84' 'Armsdealing 85'
 'Armsdealing 97' 'Armsdealing 98']",149.4,26,"['Armsdealing 10' 'Armsdealing 18' 'Armsdealing 27' 'Armsdealing 29'
 'Armsdealing 30' 'Armsdealing 35' 'Armsdealing 42' 'Armsdealing 56'
 'Armsdealing 67' 'Armsdealing 72' 'Armsdealing 79' 'Armsdealing 84'
 'Armsdealing 85' 'Armsdealing 97']",38.4,Armsdealing 97,0,[],0,5,"['AHMED', 'Kuryaki', 'nicolai', 'AHMED3']",5
8,17,1964.3,2064.4,23,1,['Armsdealing 80'],58.4,20,"['Armsdealing 17' 'Armsdealing 29' 'Armsdealing 30' 'Armsdealing 56'
 'Armsdealing 63' 'Armsdealing 65' 'Armsdealing 68' 'Armsdealing 81'
 'Armsdealing 97' 'Armsdealing 98']",21.9,2,['Armsdealing 63' 'Armsdealing 69'],2,Armsdealing 56,0,[],0,0,[],0
8,18,2064.4,2079.9,3,1,['Armsdealing 67'],2.4,1,['Armsdealing 80'],9.1,1,['Armsdealing 80'],3.9,Armsdealing 80,0,[],0,0,[],0
8,19,2079.9,2253.5,35,10,"['Armsdealing 26' 'Armsdealing 67' 'Armsdealing 79' 'Armsdealing 80'
 'Armsdealing 84' 'Armsdealing 85' 'Armsdealing 97' 'Armsdealing 98']",169.3,16,"['Armsdealing 30' 'Armsdealing 56' 'Armsdealing 65' 'Armsdealing 79'
 'Armsdealing 80' 'Armsdealing 84' 'Armsdealing 85']",47.3,8,"['Armsdealing 11' 'Armsdealing 18' 'Armsdealing 26' 'Armsdealing 67'
 'Armsdealing 79' 'Armsdealing 80' 'Armsdealing 84' 'Armsdealing 85']",9.8,Armsdealing 65,0,[],0,1,['kenya'],1
8,20,2253.5,2572.8,62,10,"['Armsdealing 100' 'Armsdealing 101' 'Armsdealing 102' 'Armsdealing 42'
 'Armsdealing 48' 'Armsdealing 74' 'Armsdealing 97' 'Armsdealing 98']",5958.3,35,"['Armsdealing 102' 'Armsdealing 17' 'Armsdealing 29' 'Armsdealing 30'
 'Armsdealing 48' 'Armsdealing 56' 'Armsdealing 70' 'Armsdealing 81'
 'Armsdealing 98']",84.6,17,"['Armsdealing 100' 'Armsdealing 101' 'Armsdealing 102' 'Armsdealing 17'
 'Armsdealing 42' 'Armsdealing 48' 'Armsdealing 67' 'Armsdealing 68'
 'Armsdealing 69' 'Armsdealing 74' 'Armsdealing 84' 'Armsdealing 97'
 'Armsdealing 98']",23.6,Armsdealing 81,0,[],0,0,[],0
8,21,2572.8,2586.3,7,1,['Armsdealing 22'],158.2,4,['Armsdealing 102' 'Armsdealing 48' 'Armsdealing 81'],2.1,1,['Armsdealing 42'],1.3,Armsdealing 102,0,[],0,1,['professor'],1
8,22,2586.3,2670.9,16,4,['Armsdealing 10' 'Armsdealing 17' 'Armsdealing 27'],55.9,2,['Armsdealing 10' 'Armsdealing 22'],13.3,10,"['Armsdealing 10' 'Armsdealing 17' 'Armsdealing 79' 'Armsdealing 80'
 'Armsdealing 84' 'Armsdealing 85']",15.4,Armsdealing 22,0,[],0,0,[],0
8,23,2670.9,2706.3,7,1,['Armsdealing 24'],16.8,6,['Armsdealing 27' 'Armsdealing 30' 'Armsdealing 56' 'Armsdealing 65'],10.2,0,[],0,Armsdealing 65,0,[],0,0,[],0
8,24,2706.3,2900.7,43,14,"['Armsdealing 11' 'Armsdealing 18' 'Armsdealing 22' 'Armsdealing 24'
 'Armsdealing 26' 'Armsdealing 28' 'Armsdealing 79' 'Armsdealing 80'
 'Armsdealing 84' 'Armsdealing 85' 'Armsdealing 95']",119.7,12,"['Armsdealing 102' 'Armsdealing 11' 'Armsdealing 18' 'Armsdealing 29'
 'Armsdealing 30' 'Armsdealing 56' 'Armsdealing 65' 'Armsdealing 84'
 'Armsdealing 85']",25.9,16,"['Armsdealing 11' 'Armsdealing 17' 'Armsdealing 18' 'Armsdealing 22'
 'Armsdealing 24' 'Armsdealing 26' 'Armsdealing 80' 'Armsdealing 84'
 'Armsdealing 85' 'Armsdealing 95']",21.5,Armsdealing 56,0,[],0,1,['lebanon'],1
8,25,2900.7,2934.3,3,0,[],0,0,[],0,1,['Armsdealing 28'],2.3,NA,0,[],0,2,"['lebanon', 'pakistan']",2
8,26,2934.3,2937.3,1,1,['Armsdealing 2'],9.8,0,[],0,0,[],0,NA,0,[],0,0,[],0
8,27,2937.3,2997.3,9,6,"['Armsdealing 12' 'Armsdealing 2' 'Armsdealing 31' 'Armsdealing 38'
 'Armsdealing 39' 'Armsdealing 43']",61,2,['Armsdealing 39'],2.2,1,['Armsdealing 31'],1.3,Armsdealing 39,0,[],0,0,[],0
8,28,2997.3,3219.4,52,8,['Armsdealing 11' 'Armsdealing 32' 'Armsdealing 49' 'Armsdealing 52'],646.9,40,"['Armsdealing 102' 'Armsdealing 11' 'Armsdealing 29' 'Armsdealing 30'
 'Armsdealing 43' 'Armsdealing 52' 'Armsdealing 56' 'Armsdealing 65'
 'Armsdealing 70' 'Armsdealing 81']",96.1,3,['Armsdealing 52'],5.1,Armsdealing 56,0,[],0,1,['kiev'],1
8,29,3219.4,3268.2,5,4,['Armsdealing 1' 'Armsdealing 32' 'Armsdealing 50'],21.2,0,[],0,1,['Armsdealing 1'],3.7,NA,0,[],0,0,[],0
8,30,3268.2,3512.5,78,6,"['Armsdealing 40' 'Armsdealing 50' 'Armsdealing 52' 'Armsdealing 70'
 'Armsdealing 95']",2295.9,67,"['Armsdealing 102' 'Armsdealing 11' 'Armsdealing 29' 'Armsdealing 30'
 'Armsdealing 48' 'Armsdealing 50' 'Armsdealing 52' 'Armsdealing 56'
 'Armsdealing 65' 'Armsdealing 70' 'Armsdealing 81']",260.5,4,['Armsdealing 50' 'Armsdealing 52'],7.4,Armsdealing 56,0,[],0,1,['kuryakin'],1
8,31,3512.5,3606.4,7,1,['Armsdealing 35'],648.7,3,['Armsdealing 35' 'Armsdealing 40' 'Armsdealing 81'],31.9,0,[],0,Armsdealing 40,0,[],0,3,"['nicolai', 'Khemkhaengar']",3
8,32,3606.4,3713.4,23,1,['Armsdealing 70'],1731.9,21,"['Armsdealing 29' 'Armsdealing 30' 'Armsdealing 50' 'Armsdealing 56'
 'Armsdealing 65' 'Armsdealing 70']",46.3,0,[],0,Armsdealing 30,0,[],0,1,['Nahid'],1
8,33,3713.4,4035,49,4,['Armsdealing 101' 'Armsdealing 33' 'Armsdealing 44'],1566.2,34,"['Armsdealing 101' 'Armsdealing 102' 'Armsdealing 29' 'Armsdealing 30'
 'Armsdealing 35' 'Armsdealing 44' 'Armsdealing 48' 'Armsdealing 50'
 'Armsdealing 56' 'Armsdealing 65' 'Armsdealing 70' 'Armsdealing 81']",42.8,3,['Armsdealing 101'],3.3,Armsdealing 30,0,[],0,8,"['tanya', 'igor sv', 'igor\\', 'igor']",8
8,34,4035,4063.7,9,1,['Armsdealing 86'],5.1,7,"['Armsdealing 102' 'Armsdealing 35' 'Armsdealing 56' 'Armsdealing 65'
 'Armsdealing 81' 'Armsdealing 86']",5.8,0,[],0,Armsdealing 81,0,[],0,1,['pakistan'],1
8,35,4063.7,4078.2,3,2,['Armsdealing 39' 'Armsdealing 43'],1348,1,['Armsdealing 43'],7.1,0,[],0,Armsdealing 43,0,[],0,0,[],0
8,36,4078.2,4101.3,5,2,['Armsdealing 38' 'Armsdealing 55'],24,3,['Armsdealing 39' 'Armsdealing 43'],11.3,0,[],0,Armsdealing 39,0,[],0,0,[],0
8,37,4101.3,4133.5,5,1,['Armsdealing 40'],1232.5,0,[],0,4,['Armsdealing 32' 'Armsdealing 33' 'Armsdealing 39'],4,NA,0,[],0,0,[],0
8,38,4133.5,4162.9,7,2,['Armsdealing 28' 'Armsdealing 88'],27.6,3,['Armsdealing 40' 'Armsdealing 81'],2,2,['Armsdealing 81'],1.5,Armsdealing 81,0,[],0,0,[],0
8,39,4162.9,4273.7,9,4,['Armsdealing 5' 'Armsdealing 63' 'Armsdealing 86'],64,2,['Armsdealing 5' 'Armsdealing 63'],30.2,2,['Armsdealing 35' 'Armsdealing 63'],2.3,Armsdealing 63,0,[],0,1,['venezuela'],1
8,40,4273.7,4525.3,69,21,"['Armsdealing 11' 'Armsdealing 6' 'Armsdealing 61' 'Armsdealing 69'
 'Armsdealing 86' 'Armsdealing 87' 'Armsdealing 88' 'Armsdealing 89'
 'Armsdealing 90' 'Armsdealing 91' 'Armsdealing 92' 'Armsdealing 93'
 'Armsdealing 94']",1212.7,39,"['Armsdealing 102' 'Armsdealing 29' 'Armsdealing 30' 'Armsdealing 48'
 'Armsdealing 50' 'Armsdealing 56' 'Armsdealing 69' 'Armsdealing 70'
 'Armsdealing 90' 'Armsdealing 92' 'Armsdealing 94']",50,3,['Armsdealing 69' 'Armsdealing 90' 'Armsdealing 94'],5,Armsdealing 90,0,[],0,6,"['hotel', 'Minsky', 'arab sail', 'sail']",6
8,41,4525.3,4531.4,2,1,['Armsdealing 72'],834.6,1,['Armsdealing 65'],2,0,[],0,Armsdealing 65,0,[],0,0,[],0
8,42,4531.4,4555,8,1,['Armsdealing 28'],1.6,4,['Armsdealing 65' 'Armsdealing 72' 'Armsdealing 90'],2.9,3,['Armsdealing 69' 'Armsdealing 72'],12.7,Armsdealing 90,0,[],0,0,[],0
8,43,4555,4902.4,92,12,"['Armsdealing 3' 'Armsdealing 31' 'Armsdealing 39' 'Armsdealing 4'
 'Armsdealing 5' 'Armsdealing 6' 'Armsdealing 7' 'Armsdealing 8'
 'Armsdealing 86' 'Armsdealing 9']",933.1,69,"['Armsdealing 102' 'Armsdealing 29' 'Armsdealing 30' 'Armsdealing 4'
 'Armsdealing 40' 'Armsdealing 48' 'Armsdealing 5' 'Armsdealing 50'
 'Armsdealing 56' 'Armsdealing 6' 'Armsdealing 7' 'Armsdealing 70'
 'Armsdealing 8' 'Armsdealing 9' 'Armsdealing 90']",168.5,10,"['Armsdealing 31' 'Armsdealing 39' 'Armsdealing 4' 'Armsdealing 5'
 'Armsdealing 6' 'Armsdealing 7' 'Armsdealing 8' 'Armsdealing 9']",12.6,Armsdealing 30,0,[],0,1,['venezuela'],1
8,44,4902.4,4912,1,0,[],0,0,[],0,0,[],0,NA,0,[],0,1,['columbia'],1
8,45,4912,4991.4,15,1,['Armsdealing 62'],446.5,10,"['Armsdealing 102' 'Armsdealing 29' 'Armsdealing 30' 'Armsdealing 56'
 'Armsdealing 6' 'Armsdealing 62']",43.3,2,['Armsdealing 6'],1.2,Armsdealing 6,0,[],0,2,['colombia'],2
8,46,4991.4,5078.3,10,5,['Armsdealing 7' 'Armsdealing 86' 'Armsdealing 9'],16.6,5,"['Armsdealing 102' 'Armsdealing 29' 'Armsdealing 30' 'Armsdealing 50'
 'Armsdealing 70']",2.5,0,[],0,Armsdealing 30,0,[],0,0,[],0
8,47,5078.3,5245.7,55,13,"['Armsdealing 82' 'Armsdealing 83' 'Armsdealing 86' 'Armsdealing 87'
 'Armsdealing 88' 'Armsdealing 89' 'Armsdealing 91' 'Armsdealing 92'
 'Armsdealing 95']",217.3,31,"['Armsdealing 102' 'Armsdealing 29' 'Armsdealing 30' 'Armsdealing 48'
 'Armsdealing 50' 'Armsdealing 6' 'Armsdealing 62' 'Armsdealing 70'
 'Armsdealing 82' 'Armsdealing 86' 'Armsdealing 90']",34.8,7,"['Armsdealing 82' 'Armsdealing 83' 'Armsdealing 87' 'Armsdealing 89'
 'Armsdealing 91']",9.5,Armsdealing 50,0,[],0,4,"['tomsk', 'toms', 'tomski']",4
8,48,5245.7,5254.9,3,1,['Armsdealing 85'],5.7,2,['Armsdealing 95'],7.6,0,[],0,Armsdealing 95,0,[],0,0,[],0
